tag	consumer_complaint_narrative
complaint	建物が古いので、エレベーターが遅いのが、少々じれったかった
complaint	カードキーの説明やエレベーターの場所などの細かい説明が全くなかった
complaint	部屋が狭い
comment	フロントスタッフの方たちの対応が非常に良かった
comment	さすがヒルトン、とてもきれいです
comment	プールが清潔で、景色もきれい
comment	滞在中いかに快適に過ごすかを一緒に考えてくれるスタッフの方
comment	特に無し
comment	ロケーションはバッチリで、東京へ初めて訪問する外国人には理想的
comment	ホテルの方は親切です
comment	4人部屋だったが、十分な広さ
complaint	シャンプーが泡立たない
comment	女子4人で宿泊しました
complaint	が、まったく改善されていません
comment	朝食（和食）を選んだがとても美味しかった
comment	朝食は最高でした
comment	スタッフの対応は親しみやすく丁寧でした
comment	家族で行く時は、他のホテルを利用していたのでようやく念願叶いました
comment	ツアーデスクは非常に親切丁寧でした
comment	広くて快適なお部屋やプール
bug	アプリ自体わそんなに悪くないけど電話番号登録みたいなのがなぜかずっと出来ません
comment	沖縄8回目の家族旅行で妻の両親と一緒に来ました
complaint	動画投稿がよくスムーズにいかん😤 ストーリーでも普通に投稿するだけでも‼️電池もったいないし
comment	特にないです
bug	4k30pでアップした動画も以前は1440で見られたのに、今は1081が限界です
comment	清潔で良かった
comment	落ち着く空間作りが、良かったです
comment	食事つきにしていただけると、ありがたいです
request	あと、タイムラインで他の人がお気に入りの記事を表示しないように設定できるようにしたい
comment	ホテルで配置されている物の質が良くて、しかも自分でも使っている物もあり、気楽でした
request	子供が顔を洗ったりするのに、踏み台があったらいうことなかった
comment	食事がとても美味しいです
comment	適度な広さでくつろぐことができました．
request	布団の補充が欲しかった
comment	チェックアウトがゆっくりで朝の時間を快適に過ごせたこと
complaint	結局はあれやこれやで「商売」してるし何かの形で搾取されてる
comment	接客対応、景色、ジム、プール国会議事堂、首相官邸を上から見れる機会はなかなかないと思います
bug	何故か複数枚[董璜]の中の1枚にだけいいねが来る
complaint	部屋までの廊下が狭い、リニューアルした部屋以外は若干古め
comment	バランスも良くて、ちょうど良い量でした
comment	建物の外観内装のデザイン、サービスが気に入っており、以前からこちらのホテルを利用しています
complaint	困っています( ´•ω•` )
comment	お風呂とトイレを別にしたので仕方ないが手洗いが部屋に直結していて不思議な感じでした
undetermined	換気
complaint	腹立つわ、超バッグてる
comment	余計な心配をさせません
comment	チェクインまで、荷物を預かってくれて、チェックアウトした後も、荷物を、預かってくれたのは、とても助かりました
comment	コンサートのために会場徒歩圏内という条件で選びました
undetermined	部屋の広さ
undetermined	なし
complaint	そこだけが面倒くさいなと思います
complaint	他人のタイムラインのシェア、いい加減にしてほしい
comment	立地がとてもよく部屋もきれいでした
comment	部屋の中に内扉があり、音が遮断され大変静かです
comment	ないです
comment	部屋の横で工事してました
comment	大浴場があること
complaint	テーブルが狭くて使いにくい
comment	それとも直さなくても構わないと言っているのか
complaint	駅から分かりにくい
comment	清潔で気持ちがいい大浴場がいい
complaint	また、空調などに不満が残りました
comment	駅に近かった
complaint	とても残念です
complaint	少々、体臭の様な匂いが残っていた
comment	接客は良かった
comment	私たち夫婦と子ども二人、孫（幼児）二人で、２月２４日（金）から２泊４日で沖縄に行きました
request	バスタブがあるといいですね
complaint	表通りから少し入りこみ、入口が分かりにくかった
comment	窓からの景観が素晴らしい、の一言に尽きる
comment	[Snow]より自然に盛れていまでも使ってます
comment	便利に使わせていただいてますが、最近タイムラインがLINEの記事に占拠されていて使えない
complaint	便利に使わせていただいてますが、最近タイムラインがLINEの記事に占拠されていて使えない
complaint	ロビーで簡単な洋食を食べるのは悲しい
complaint	残念です…
undetermined	ははっ
complaint	元々普通のマンションだったものをホテルへ改装したようでフロントへ行くのも外の風を浴びます
complaint	結果、登録の名前の読み方が違うせいでわからなかったと言われたが、そんな読み仮名の登録はしていないので、おそらくホテル側のミスだと思う
comment	結果、登録の名前の読み方が違うせいでわからなかったと言われたが、そんな読み仮名の登録はしていないので、おそらくホテル側のミスだと思う
complaint	トラブル時の情報がわかりづらいが、とりあえず使えます
comment	トラブル時の情報がわかりづらいが、とりあえず使えます
comment	チェックインクラークが外国の方でしたが、綺麗な日本語で対応して下さったので、感心しました
complaint	上の階からか、ものすごく音がうるさい
comment	期待と不安と、それでも安心感があるので利用しました
comment	申し分ないです
bug	何回やってもMy Softbankの認証ページまでは行けるものの、いざ認証バナーを押すと二重エラーが出て終われない
complaint	友達が何をいいねしたとか、そのまた友達が何をいいねしたとか、全く興味ありません
comment	歩いて、いろいろな名所に行けたこと
complaint	アップデートする度に改悪されている
complaint	子ども用のパジャマも無かった
complaint	大浴場が有料なのには少し驚き
comment	ダブルベットが小さい
comment	部屋は清潔でコヒーマシンなど飲み物も充実していて、スーペリアルームでこの価格はとてもお得感がありました
complaint	京都タワーを望めるのに椅子が部屋側に向いていてカーテンも閉まっていて気がついたのが朝になってからだったので、何かメッセージでもあると夜景も楽しめたので少し残念
comment	ホテルのハードはシックな印象
comment	展望が本当によかったね
comment	スタッフも丁寧で、親切だった
complaint	自宅タブレットとの連絡ツールとして使いたかったが、認証の関係で自分とトークになるため、チャットが使えなかった
comment	自宅タブレットとの連絡ツールとして使いたかったが、認証の関係で自分とトークになるため、チャットが使えなかった
complaint	初期の頃はよかった
comment	特になし
comment	いつも心地よく利用させていただいています
comment	まあ、 ソフトの出来とは無関係ですが
comment	朝ヨガとかも体験しましたのでおすすめです
comment	ベッドもエキストララージベッドで２人で贅沢でした
comment	ラインには、不安が有り Viber利用今の所問題無し
complaint	春や秋は柔軟に対応してほしいです
complaint	夜繁華街の声が響いた
comment	ロケーションも寺町という風情豊かなところでなかなか
bug	編集で付けようとしても、どうしてもその人のだけ消えてしまう
comment	編集で付けようとしても、どうしてもその人のだけ消えてしまう
comment	室内は掃除が行き届いていて清潔感があり、居心地がよかったです
comment	従業員の方が、とても親切でした
comment	ロケーションも駅前で最高
complaint	スタンプ買うってなったら、現金に なってんじゃん
comment	コーヒーを素敵な雰囲気で味わえました
comment	ま、他はいいから☆4にしたけど
complaint	もう少し安かったらもっといいです
request	ベッド付近にコンセントがあればなお良かったと思います
complaint	隣がパチンコ店だった
complaint	部屋に加湿器があったが、水がきれていた
comment	アメニティが充実
complaint	本当にいい加減にしてください
comment	車で行ったので、出し入れしやすい駐車場と周辺道路
comment	清潔でした
comment	ラインのやり取りだけは天才
comment	バス停が近い
undetermined	対応
complaint	エアコンが苦手なので、就寝時は消したいが、消すと寒い
complaint	こんな事したらクライアントの信用にも傷つきますよ
comment	軽くてなかなか良いと思います
complaint	エレベーターから部屋までの距離がちょっと長い
complaint	下のカテゴリーのお部屋だと景色はありません
complaint	立地があまり良くなく、アメニティーが不十分で、部屋が大きくさから考えると、料金が高い様に感じました
comment	ベッドが大きめで良かった
comment	外観からしてもうすでにおしゃれな感じも伝わって来て館内もとても素敵でした
complaint	洗面台が狭く使いづらい
complaint	お茶のティーパックが美味しく無かった
complaint	画面が止まり音声だけが流れる不具合はいつになったら修正されるのか
comment	コンドミニアムに宿泊しました
comment	撮るのは、めっちゃ楽しいけど、ギャラリーに保存されない
bug	撮るのは、めっちゃ楽しいけど、ギャラリーに保存されない
complaint	返金してもらおうか考え中です
comment	ベッドが心地よくよく眠れました
complaint	カフェに比べて部屋が普通すぎて残念だった
comment	室内は広くすっきりしているが、個人的にはモノトーンより温かみのあるベージュ系の方が、好きだから
complaint	お風呂は、清潔感があり良いのですが露天風呂とか、作りを変えた方が印象に残ります
comment	お風呂は、清潔感があり良いのですが露天風呂とか、作りを変えた方が印象に残ります
comment	コンシェルジュの手厚いサポートがあった
comment	部屋もとてもキレイで、離島ターミナルにもまぁまぁ近い
comment	部屋はコンパクトで清潔感あり
comment	特にありません
comment	ビジネスホテルとしては広い
comment	又、ロケーションも良い
bug	また、自分の動画が最新から31件までしか表示されなくなりました
complaint	窓側らの景色は悪いです
comment	以前に宿泊したときは、部屋をグレードアップしてもらい、海側の部屋でしたが、海側の部屋が本当におすすめです
comment	アメニティの充実、バスルームの枕まである心配り
request	アメニティーにブラシがなかったのであったら完璧でした
complaint	水栓が２つなので手洗いとシャワーを切り替えるのが不便なのと、少し水勢が足りないのが残念かな
complaint	ベッドの下やキャビネットの下もゴミが沢山有り、掃除をして居る様子が無い
comment	檜のお風呂が気持ちよかったです
comment	部屋になんでも置いてあるわけではありませんが追加の枕や綿棒、絆創膏はフロントに言うともらえます
undetermined	Xperiaコンパクトです
comment	娘と3人で行きました
complaint	入浴中は他の人がトイレを使えない等
comment	バス、トイレとのセパレートと浴槽の広さが良い
request	チェックインの時間がもう少し早かったらいいなと思った
complaint	部屋も絨毯なので、部屋に入るとムワッとする臭いが気になった
comment	不要な物をカットしてリーズナブルにしている所もいい
comment	相手がLINEのスタンプがいいと言うので仕方なくですが
comment	ゆいレールも近いので、那覇周辺で遊ぶには使いやすいと思います
comment	普通に問題なく話せます
comment	近くに大型スーパーもあるので長期滞在にも便利でビジネスユースにもおすすめです
complaint	国際通りも結構長いので、公設市場に行くには少しだけ歩きますが…お店を見ながら歩くにはいいかと思います
comment	国際通りも結構長いので、公設市場に行くには少しだけ歩きますが…お店を見ながら歩くにはいいかと思います
bug	少し前から、自分のアップロードした動画の古いものが表示出来なくなった
comment	那覇空港に近い立地の良さといい次回はグレードアップして広めの部屋に宿泊したいと思いました
comment	さすがヒルトン系のホテル
complaint	購買の閉店時間が早かった
complaint	キーカードの色分けとか、ちゃんと館内の説明がなかった
request	通話履歴が必要な人もいると思うのでどこかで確認出来るようにして頂けるとよりいいと思います
comment	熱を出した息子に対して、冷えピタや氷枕まで提供いただき大変ありがたかったです
comment	お部屋のお代をカードキーのケースに書いていただきましたが、分かりやすい一方、連れに値段が分かってしまってちょっと困りました
complaint	お部屋のお代をカードキーのケースに書いていただきましたが、分かりやすい一方、連れに値段が分かってしまってちょっと困りました
comment	他の人のは見れる
complaint	猥褻、転載等の動画を推奨するのはいい加減止めろよ
comment	ドライヤーや備品も新しいものが多く良かったです
comment	ロビー階のケーキは美味しかったです
complaint	駅から若干上り坂スーツケースが重いと大変かも
request	ビジネスホテルとはわかっているが、もう少しスペースが欲しい
bug	また、送料が本来かかるはずなのに、商品画面を見るとfreeになっていたり、一覧画面で表示される送料が異なったりします
comment	バス・トイレも清潔感があります
complaint	booking.comの地図アプリの使いでがイマイチだった、
complaint	ロビーに居るスタッフに笑顔なく、ホテルに入るとき挨拶もなくジロジロと見られるのが不快だった
comment	清潔で使い易いバスルーム
complaint	広告自体はいいですけど、再生の最中に入るのが邪魔なんですよ
comment	2011年以降にオープンしたホテルから選びました
comment	特に水回り、とてもおしゃれ
comment	お部屋もきれいで快適な旅の宿を堪能出来ました
comment	空港からのアクセスが良く、旭橋駅出口ほぼ目の前で、国際通りまでも16分くらい歩く距離に位置しており、まあまあ便利な立地にあります
comment	近くにはあらゆるタイプの日本的な飲食店が並び、外国からゲストをもてなす使命があった私にとって、とても便利でした
comment	大浴場も夜も2回朝も3回入りましたがタイミングよく貸切状態でラッキーでした
comment	それから、 たまに既読付かなくなったりするし グループに誰かが参加すると必ず 携帯が鳴る
comment	使いやすい
comment	駅に近くて飲食店が多くてよかつた
complaint	Wi-Fiも正常で通信環境も悪くないんですけど、これがもしバグならば早急に対処してほしいです
comment	以前より朝食の評判を聞いていたので、泊まりたかったホテルでした
comment	スタッフも感じが良い
comment	観光の拠点として便利
comment	お部屋をグレードアップしてもらえました
comment	セキュリティーやラウンジの設置が良かったと思います
comment	スタッフは親切で、廊下なども清潔感があった
comment	朝食バイキング以外のアメリカンブレックファーストがよかった(v^-ﾟ)
complaint	朝の喫茶が、平日はないとのこと……残念
comment	通話音声が安定しています
comment	清潔感があって良かった
bug	送信出来ない
comment	お部屋は申し分のない設備で、浴槽は大きく（扉はガラス張り）、リビングもベランダも広く、洗濯機や掃除機もありました
complaint	もう少し部屋が大きかったらよかったのにと思いました
comment	到着日に利用しました
complaint	バスルームが異常に臭かった
comment	バスとトイレが分かれているのが良かった
complaint	非表示対応してください
complaint	ポーチなどを置くスペースが欲しい
complaint	枕が私には合わなかった
complaint	そもそも部屋代が支払い済みであることが伝わっていなかったのも問題だし、部屋番号を記載したカードに請求額を書いて渡すというのも場末のビジネスホテル以外では初めて見た
complaint	問題報告に対する回答が遅い
comment	１週間の訪沖で、こちらには5日滞在
complaint	考えてよ
undetermined	チャンネルとかあるので
complaint	当たり前のような気がしますが、意外と応えてくれないホテルの方が多いですよね
complaint	友人のタイムラインが流れてしまって、常に上の方にLINEのレシピやらなんやらがあってタイムラインの意味をなしてない
comment	朝食は評判通り美味しかった
bug	1080p60fpsの動画が720p61fps以下の画質でしか再生されません
complaint	友達同士の楽しいやりとりを、LINE関連の投稿が邪魔をする
complaint	家族を招待し、あらかじめ前払いで料金を支払っておいたのに、チェックインの際家族に部屋代の総額を記載したカードを宿泊者に渡していた
complaint	もう少し部屋が広いと良かった
comment	朝食も美味しく品数も良い
request	時系列に並んでほしい
comment	他は文句は無いので☆5
complaint	無駄な機能増やしすぎ
comment	いいね、いい
bug	そもそも、登録すらできない
complaint	そもそも、登録すらできない
comment	立地がとても良かったです♪
comment	居心地の良いお部屋
complaint	テレビの向きを変えらればと思った
comment	バスルームの仕様とベッドの寝心地も素晴らしい
undetermined	バグなのか仕様なのか分からない
complaint	バスの排水が悪い
complaint	SHISEIDOが同じビルにありながら、シャンプー、リンス 、ボディソープだけがSHISEIDOでだったのは寂しい
comment	いつも利用させていただいています
complaint	朝食で「食器が足りない」という理由でご飯をお皿で、味噌汁をカップで飲食させるのは如何なものかと思います
complaint	駅近なので電車の音が少々うるさかったです
comment	部屋は静かで 周りを気にせずに過ごす事ができました
comment	当日は笑顔で見送ってくれて嬉しかったです
comment	疲れた体を温泉で癒せるので、何度か利用していますがオススメです
complaint	バイキングの種類が急に少なくなった
comment	部屋は綺麗で、不満も全く有りません
undetermined	ベッドの硬さ
complaint	ガラスによごれが付着していた
comment	携帯が悪いのであれば、アンインストールしますが
comment	ベッドも寝心地最高でした
comment	レストランの冊子が一、二月のものだった
comment	スタッフの対応が感じよかった水を毎日2本いただけた
comment	バス・トイレ・洗面所が独立していて、高級感のある設備でした
undetermined	ありません
comment	今回赤ちゃん連れでの初めての旅行でヒヤヒヤでしたが、色々な場面でスタッフの皆さんがサポートしてくださり、とても親切に温かく接してくださり、非日常的な素敵な景色に囲まれてリフレッシュすることがでしました
complaint	気持ち悪い広告は、表示しないでください
request	気持ち悪い広告は、表示しないでください
comment	国際通りの県庁側にある大変立地の良いホテルです
comment	どのスタッフの方々もとてもフレンドリーでそれぞれのお仕事を丁寧にされていらっしゃるように見受けられました
complaint	見つけしだい片っ端から迷惑行為として通報させていただいてます…せっかく収まったのにまたうるさいから通報再開です
comment	朝食が豊富
comment	とにかく清潔
complaint	ホテル側は悪くないと言っているように聞こえた
comment	フロント男性はみなさんとても感じが良かった
request	ホテルレストランの時間を26時くらいまでやってくれるとうれしいかも
bug	4/28 相変わらず、たったひとりの人だけタグ付け出来ません
request	バスソルトがあればうれしいです
comment	部屋から富士山が見えて最高だった
comment	近くに美味しいお店がたくさんある
complaint	喫煙室が臭すぎる
comment	特になし
comment	それとも、特定の人からタグ付けされるのを拒否設定出来るようになったのですか
complaint	パブリックスペースの余裕、細かい演出などなど、同程度の金額、もしくは少しの金額をプラスして宿泊できる他のラグジュアリーと言われる外資系ホテルとは大きな差があった
complaint	｢このアカウントを全て非表示にする｣を選んでも、しばらくたつとまた入ってくるし、何をどうバージョン｢アップ｣してるのだろうか
complaint	交通の便が不便
comment	露天風呂付きの客室に宿泊しました
comment	ニューヨークやラスベガスなどは無料でした
comment	予約した写真と違っていた気がした前日に大阪の別ホテルに泊まり対応が素晴らしかった為
bug	通知が来ません
complaint	最近エラーとかも多くてほんとやだ
comment	アメニティーもロクシタンで高級感があり、特別なお泊りになりました
request	せめて23時まで開いてるとディナーの後にゆっくり使いやすいと思いました
complaint	少し戸惑う
comment	また利用したいです
request	書いてある期日が過ぎたらメールで連絡するとかして欲しいです
request	前のようなシンプルな機能に戻して欲しいです
bug	動いたかと思ったら、いっこうに読み込み画面から進みません
comment	トイレとお風呂が別々、さらにお風呂にきちんと洗い場があることは、皆さんのクチコミの通り、快適でした
complaint	若干、スキー場へ行きにくい
request	入浴剤もあったら良かった
comment	特になし
comment	コーヒーが美味しかった
comment	ベッドも広くて、ベランダ付で住める感覚の最高の部屋でした
comment	ありがとうございました
complaint	フロントの一人の女性の方の対応非常に悪かった
comment	スタッフの方が臨機応変に対応してくれて気持ちが良かった
complaint	他人のいいねした投稿は正直無くてもいいし、鬱陶しいです
request	〇〇既読　〇〇既読　〇〇配信済み　というようにしてくれれば有り難いです
comment	今後投稿する写真も、プロフィール欄に写真表示させるために、なるべく自分以外の名前タグは付けずにやります
request	お掃除にはいった時に給水してくれるか、加湿器に給水の仕方を貼っておいて欲しかったです、
comment	お部屋の落ち着いた雰囲気と清潔さ
comment	洗濯もできますが100円玉と51円玉が必要になります
bug	ノイズだらけ通話出来ない
request	ステッカーの使用履歴が欲しいが、他はLINEより使い勝手が良い
comment	ステッカーの使用履歴が欲しいが、他はLINEより使い勝手が良い
comment	トイレと浴室が別になっていて快適です
complaint	悲しい…
comment	また絶対利用したいホテルです
complaint	遮蔽効果は貧しい、貧しい人々 の防音聞こえる
complaint	立地的に繁華街のど真ん中ですので、騒音が気になる人には気になるかも
complaint	みんな使ってるのに私だけ 仲間はずれみたいじゃん
request	Android4.4.4でも使いたいです
complaint	はやく改善してください
comment	３杯目は男性定員のいない時に注文した（女性スタッフは皆笑顔でよかったです）
complaint	意味わかんないです
comment	洗濯・乾燥機が付いているので長期滞在も快適です
complaint	画質わるすぎて、見てて勘弁してよって思う
request	あと、「興味がない」と設定しても、なぜか似たような動画やチャンネルをおすすめされるので、強めにブロックする機能があるとありがたいです
comment	東西南北、どこに出かけるにも便利です
bug	固定電話に無料で掛けれなくなり、スマホは機種にもよりますが通話ができません
comment	笑顔のフロントデスクの方も好印象でした
bug	ユーザー名の確認画面から進まない
comment	3泊させていただきました
comment	部屋が新しくセンスの良い作りだった
comment	朝食時、レストランが混んでいた
comment	今のところは無料通話メインで使ってます
comment	売る事が簡単にできるともっと良いと思います
comment	やはり一番は価格
comment	買い物、飲食店があり困らなかった
complaint	ラウンジの軽食タイムが夜８時までらしく、もう少し遅くまでやって欲しいです
request	ラウンジの軽食タイムが夜８時までらしく、もう少し遅くまでやって欲しいです
complaint	離島ターミナルからは思ったより距離があり、徒歩だと16分弱かかり、翌朝はタクシーを利用しました
comment	とても便利で無料スタンプも飽きません
comment	またセキュリティもしっかりしていて安心して過ごせました
complaint	Wifiの接続速度が遅く、不便だった
comment	清潔感、スタッフの対応が良かった
comment	すっきりしたデザインのきれいな部屋
comment	コンビニに隣接している
complaint	読みづらい文章に仕上がって残念です
comment	スタッフの対応がとても良かった❗　施設の清潔さです
comment	全てにおいて 良かったです
comment	お部屋の内装がヨーロッパ調でとてもステキでした
complaint	予約時のスタッフの方の話とお部屋が違った
comment	スタッフの方の対応とても良く、気持ちよく過ごせました
complaint	1911号室の窓の上あたりから、ミシミシという音がずっとなり続けていて、私も主人も眠れませんでした
complaint	トプ画も、ひとことも、ひっそり変えたいのに…赤ちょぼだけのがマシだった
complaint	しかし、キャンペーンが終わってしまい無料通話ができなくなり残念です
comment	みなさん、親切でフロントの玉城さんお勧めのHAPPYでは、地元客が多くめっちゃ美味しかった
comment	食事も美味しかった
complaint	基本的にユーザー側に選択権がない
comment	ベッドが広い
comment	スタッフの方の対応が良かった
comment	喫煙者の私には最近のホテルも禁煙部屋が多くなり選ぶのも一苦労です
complaint	河原町からも徒歩だとちょっとしんどいと思います
comment	清潔感がありとても良かった
complaint	部屋が狭い
complaint	朝食がもうすこし美味しかったらなぁ…
comment	お部屋や朝食は文句なしです
undetermined	桜開花情報
comment	私はですが(笑)
complaint	二人で滞在するには、狭かったです
request	お気に入りのカテゴリーのショートカットが作れるといいな
comment	チェックイン前にドキッとさせられました
request	駐車場の高さ制限があり、私の車ではサイズアウトでしたが、近隣コインパーキング使用の割引制度があれば嬉しかったです
complaint	アップデート後 中華フォントになるし、設定は日本語化されてないし
complaint	聞き入れてもらえるとは思ってませんが、ダメ元で言わせてください
comment	ちなみにタグを付ける相手は著名人で、手動でタグ付けをしている様子はありません
comment	大通りに面しているので、夜、車の音やライトなどが気になる方には不向きかもしれません
complaint	再度利用しようとは思わない
comment	次も行きたいと思わせてくれました
comment	手は一応雑巾みたいなものを持っていて、掃除をしているふりでしたが・・・
comment	朝食も美味しく頂きました(^^)nまた機会があれば利用したいと思います♪
comment	部屋は清潔でしたがこじんまりしており、綺麗なビジネスホテルという印象です
complaint	どうゆう事
bug	友だちの投稿も最新のじゃないやつが出てる
comment	隣に進々堂があるので、朝食が付いてなくても無問題
complaint	ケータリングを使われているかと思いますが、余裕をもって手配されることをお勧めします
complaint	カーテンを閉めるとせっかくの景色が見えなくて残念です
comment	コンビニが館内にオープンしたので夜食の買い出しなどに便利
comment	空港、観光スッポットなどへのアクセスが便利でした
request	ニュースはタイムラインの一番上に短く載せて頂けると良いのではないでしょうか
comment	値段が手頃なのにあれだけ広い部屋に宿泊できるのは最高だと思います
complaint	利用者が多いとこうも傍若無人に振る舞えるのか
comment	加湿器なども常備されていた
complaint	2~3日かかることがあるって書いておきながら6日経っても回答が来ない
complaint	バグってんのかと思うほどだわ
comment	丸ノ内線新宿御苑駅からすぐで便利でした
comment	その他は満足できるホテルなので、お勧めです
complaint	ハンガーも少なく、クローゼットもない
complaint	そのせいか、部屋がホコリっぽい感じがしました
comment	石垣島の中心にあるホテル
comment	特になし
complaint	部屋の入り口のハンガーとベッドの間にTVがあるのですが、それを固定する板の角が尖っていて、ハンガーから落ちた服を拾って起き上がった時に板の角に頭をぶつけて出血する怪我をしました
comment	ベッドがふかふかで気持ちよかった
comment	ゆいレールの駅や国際通りから近く、とても便利でした
comment	まだ出来て三年目のホテルです
comment	特になし
complaint	外国人が多くうるさかった
complaint	失望した
bug	電話も、仕方ない点もありますがラグがひどくてまともに電話出来ないこともあります
complaint	電話も、仕方ない点もありますがラグがひどくてまともに電話出来ないこともあります
comment	ロケーションがとても良かった
comment	特になし
comment	特に、バスルームが日本式でゆったりできました
comment	部屋も余裕のあるつくりで、ゆったり出来ました
comment	広々とした部屋や、またコンビニのカフェやラウンジのレストランも夜まで気分転換になり、息詰まることなくリラックスして臨むことが出来ました
complaint	洋楽和訳動画が上位に来て迷惑
comment	タオルの質が大変良かった
comment	全体的に良かったです
complaint	食事にもう少しバリエーションが欲しい
comment	奥様の癒しと義姉の散骨の旅行です
comment	お風呂とベットが最高でした
comment	２ベッドルームで７６㎡の部屋は十分な広さだ
request	せめて非表示にさせて
complaint	ソファー、テレビの位置が、見にくい
complaint	メンテナンスでとめるべきでは
complaint	問い合わせもしてみましたが・・・早急に対応してほしいです
comment	トイレと別な事がやっぱりいいです
comment	パンご飯等おかず含め種類が豊富で選ぶのに困り、結果食べすぎてしまうという
comment	食べるのもショッピングも困りませんでした
comment	Twitterにはシェア出来ます
bug	ポップアップから開くと文字が入力できないのが、もう2年くらい直ってない
complaint	ポップアップから開くと文字が入力できないのが、もう2年くらい直ってない
complaint	部屋のトイレの水槽などの蓋の上面が傾いていて、ポーチなどを置けない
comment	皆さんに是非泊まっていただきたホテルです
bug	今まで1080pで見れていた動画が721pでしか見れなくなりました
complaint	だから、コンピューターでやってる人（うち）はできなくてめっちゃ悲しいですぅ〜
comment	ユニットバスは玄関から別の扉です
comment	スマホの充電 ケーブルは嬉しかった
comment	施設は世界チェーンの強みで安定感があるので、いつでも安心して泊まれます
comment	受付の方が親切でした
comment	今回初めて利用しました
request	単純にステメの更新しましたって言うのを鬱陶しいとか、それをほかの人に知らせたくないって言う人もいると思うので設定でそこは選択できるようにしてください
comment	部屋が広い
complaint	新年三泊しましたが、おせちを食べられて嬉しかったけど、朝食は毎日同じでした
complaint	改善してほしいです 長文失礼しました
complaint	また、朝食時、食器を載せるトレーがなくなっていても、誰も補充しないでそのままにしていた
comment	お抹茶をたてて飲めるのも楽しめて良かった
comment	フロントスタッフの方の対応が素晴らしかったです
comment	新しく清潔
complaint	口コミに「空気洗浄機」について他のお客様からご指摘がありましたように、今回も水を補給しようとしてタンクを開けたところ埃まみれでしたので使いませんでした
comment	とにかくスタッフの方々が丁寧で親切
comment	ホテル内も清潔できれい
complaint	リネン室が隣にあったのか、音が気になった
comment	部屋の飲み物が無料
bug	消しても消しても、同じアカウントの広告が延々と出てくる
comment	駅近い
undetermined	種類、本数情報まで掲載されていたところ
comment	今表示されている分以前にも投稿してるのに
complaint	全くタイムリーでないから設定しているのが無駄
comment	部屋の広さはクチコミ通り狭いです
comment	また利用したいです
complaint	外国の方への愛想はあったが、子どもへの配慮が特に無い
comment	最高です
undetermined	ない
comment	コーヒーが25時間無料で宿泊者には提供されること
complaint	洗顔料や化粧水などがあったらよかった
comment	夜4時頃まで上の階か隣かよくわかりませんが、何をしてるのかと思うほどのドンドンという音が何度も聞こえ驚きました
comment	部屋が良かった
complaint	ホテル側しか設定できないってどうなんでしょう
comment	ベッドが良かった
comment	しかも特定の人だけ
complaint	お水が少し美味しくなかったです
complaint	前はこんなに重くなかったし、画質も悪くなかったのに
complaint	部屋のに入室して電気をつけるたびにテレビがついていちいち消すのが面倒でした
complaint	確かに㎡で言ったら狭いのでしょうが、日本人ってすごいなと思うほど、機能的に美しくデザインされているので、狭さは全く感じませんでした
comment	確かに㎡で言ったら狭いのでしょうが、日本人ってすごいなと思うほど、機能的に美しくデザインされているので、狭さは全く感じませんでした
complaint	入浴剤が今ひとつ香りが薄く、物足りない
comment	写真以外にベッドルームがもう一部屋あります
comment	ホテル側の都合でお部屋がアップグレードされていたので、部屋がめちゃ広かった
complaint	リーズナブルなお店があると、もっといい
complaint	朝食が美味しくなくてとても残念でした
comment	今回は一人で泊まりましたが、タオルセットが色を変えて３セットあり、二人で宿泊しても他人のタオルを使用せずにすむ
complaint	あと、コメント制限いらないです、
comment	ロケーションが良い
comment	接客がとても行き届いて良かったです
comment	交通の便がよかった
comment	石垣島でのホテル聞かれたらここをおすすめしています
comment	一泊しました
comment	3回目の宿泊で、朝食付きの部屋にしました
complaint	随分前の『いいね』の知らせが来るから意味がない
comment	3回目の利用になりますが、いつも最高のおもてなしを提供してくださいます
comment	景色やファシリティー等 素晴らしかった
complaint	チェックインで時間がかかりすぎ、この金額では、施設、サービスは普通の程度
complaint	本当に迷惑
undetermined	正直無い
bug	この前の更新以降、投稿の時間の順番がぐちゃぐちゃになりました
bug	フィードをリフレッシュできませんでした
complaint	夜の空調が少し乾燥気味かつ肌寒かったように思います
comment	ホスピタリティに関しては全般的に良く、特に朝食ブュッフェの男性の係りの方はとてもにこやかに対応していました
complaint	無料珈琲を注文の際、男性店員がメニューを投げる感じで目の前に置かれ嫌だった
complaint	スタッフがすくない様な気がしたけど価格の所為かな
complaint	バスタブが無いのもマイナス
comment	部屋が綺麗だった
comment	堅苦しすぎないが特別な感じがするほど良さ
comment	新しいホテルではありませんがロビーは綺麗にしてあり飲み物が飲めたりパソコンに印刷プリントもできます
bug	アプリ自体が開けない(問題外) もしバグだったら改善して欲しい…
complaint	アプリ自体が開けない(問題外) もしバグだったら改善して欲しい…
comment	お部屋もキレイで無駄のない造り、それでいてヒルトンの格調を感じられます
comment	駅から近くてよかった
comment	スタッフの応対はベストであったネパール人、仙台出身者すべてGOOD
complaint	最新のが上に来なくなって困ります
complaint	何故
complaint	友達のタイムラインが見つけづらい
comment	LINEよりも軽快に動作、すっきりとした作りで好感が持てる
complaint	壁が薄いのかぶつかる音が気になった
request	化粧落としが欲しかった
comment	お風呂が広かった
comment	ベッドの寝心地がいい
complaint	非表示にするつもりは無いのですか
complaint	桜の時期だったこともあり、高かったです
comment	まず県庁前駅に近くレンタカー使用しなかったがモノレールにすぐ乗れ国際通りは出て右がそうだし、バスツアー参加も便利でした
complaint	バスルームのシャワーの仕様がいささか分かりにくく、冷水を浴びてしまって驚きました
comment	バスルームのシャワーの仕様がいささか分かりにくく、冷水を浴びてしまって驚きました
comment	2泊だけしましたがホテル中の環境は最高でした
comment	ホテルの良し悪しは何か問題が起こった時に非常によくわかると思います
comment	オフ会で友人4人の宿泊をかわりに予約したので、聞いた話ですが、満足してくれたようです
complaint	せっかく安く買えても、日本に届くまでの送料が凄いので、購入を諦めざるを得ない
request	早めの改善をお願いします
complaint	早めの改善をお願いします
comment	お部屋が広くて机もあり、とても使いやすかったです
comment	プールからみる景色も最高
complaint	デザインが素敵な分、少し戸惑いました
complaint	改善お願いします
comment	トイレとバスルームが独立していて、便利
comment	部屋が広い
comment	机に月桂樹のお守りが置いてあり、心遣いが嬉しかったです
complaint	急いでるときにこうなると、イライラしたりするので早めに直してくれれば星5ですAndroidバージョンは、4,4.3です早めに直してくれるでしょうか
request	お茶・紅茶のティーバッグが、もう少し良いものを準備しておいて頂けるといいですし、コーヒーもあると嬉しいです
comment	大浴場で、ゆったりできた
complaint	多量に広告のせないと運営できないんですか
complaint	Wifiが遅い
undetermined	送っても戻しても同じ
comment	レンタルサイクルが2時間無料(保証金が２台千円自転車を返したら返ってくる)なので、繁華街にも、楽に行けます
undetermined	通話品質もストレスあるようなものでもありません
comment	次回も沖縄に来た時は必ず宿泊させて頂きます
complaint	服をかけることも、仕舞うこともできない
bug	更新してからというもの→アンインストール→再インストールしないと投稿できなくなりました
comment	ベッドがとても広いです
complaint	足拭きマットが、私の部屋に置いてなかった、タオルを使いました
comment	無料は表向きだけ
comment	楽しかった
comment	設備もとても綺麗ですし、また利用したいです
comment	高級感ありましたスタッフが感じよくて嬉しかったです
comment	スタッフやゲストの外国人比率が高いと思いました
complaint	何でもカードに少し戸惑いを
comment	スタッフの対応繁華街、駅が近い
request	公開、非公開をpostしたものによっては変更出来るようにして欲しいかな
request	無料スタンプを多くして欲しい
complaint	ずっと待っているが全然解消されない
complaint	大浴場が小さくて、洗い場やお風呂に入るのにすこし窮屈
complaint	ホテルがわかりずらかった
complaint	チェックインしてからエレベーターンにカードを差して使う事が分からずに手こずった
comment	その際のスタッフの方が表情は柔らかく緊張感を与えずともビシッと清潔感のある方で、とても好感的でした
comment	客室についている露天風呂から飛行機が見え、それもまた珍しく楽しかったです
complaint	ちゃんと区別して下さい
comment	コスパが良い
comment	ありがとうございました
comment	過剰なサービスではなく、客の希望のサービスを提供してくれるホテルですね
comment	周りの同じクラスのホテルが２万前後でもその半額程度の時が多く、とてもリーズナブル
complaint	アプリ更新しても何も変わらない
comment	ホテルの乾燥がつらいときがあるのですが、加湿器もあることに感心しました
comment	スタッフも親切
complaint	クレジットに有効期限が付いてガッカリです
complaint	洗濯、乾燥の時間が長くかかりすぎる
comment	部屋が独創的でお洒落
complaint	パジャマがセッティングされてなかった
comment	ビーチも綺麗で、ホテルも綺麗で、朝食も美味しかった
comment	友人と3泊で宿泊
bug	ステータスバーの通知が見れない(設定でオンにしていても)
comment	トークのバックアップも一括でgoogle driveにできたりと、機種交換も面倒がない
comment	新しいホテルだそう
complaint	ディナーを食べに行ったが、サービススタッフが今ひとつでした
comment	ユーザー全体の質が上がるのは難しいから、せめてLINEには他ツール並になってもらいたい
comment	ホテルへ続く樹木もよく整備されていて南国の雰囲気が楽しめます
comment	部屋がきれい、パジャマがおしゃれ
comment	外国人宿泊客も多いみたいだから、彼らは特に和食が食べたいだろうと思う
comment	部屋に持ち込んが嬉しい
complaint	シャワーのお湯がなかなか出ない
comment	綺麗
complaint	エアコンの設定温度を上げると嫌な臭いがして、下げると寒かったのでそこだけ残念でした
request	・インターフェイスを日本語化して欲しい
complaint	駐車場がない　せめて提携駐車場をつくって欲しい
request	駐車場がない　せめて提携駐車場をつくって欲しい
complaint	その点が、チョット残念でした
comment	窓を開けたら目の前がサンセットでとーっても素敵n波の音もすごく近くて癒されました
comment	それ以外は素晴らしい
complaint	部屋が狭い照明の明るさ調節が出来なかった
complaint	一年前くらいまでは使いやすかったのですが………その頃のようにして欲しいです
request	一年前くらいまでは使いやすかったのですが………その頃のようにして欲しいです
complaint	今まで使えていたのに急に使えなくて困っています
complaint	雨が降っていたためタクシーに乗ったら方向がちがうといっても遠回りされた
comment	価格が安かったのでこちらに一泊しました
comment	チェックインからチェックアウトまで、滞在期間中のもてなしは、しっかりと教育されたスタッフの元に、安心か快適な滞在を助長してくれました
comment	音質はいいが、LINEより音量が小さくて音が聞き取れないことも多い
complaint	音質はいいが、LINEより音量が小さくて音が聞き取れないことも多い
comment	3000円以上で4割でした
comment	京都駅から近い
comment	タバコ臭さも全くありませんでした
undetermined	禁煙
comment	本当に感心しました
complaint	タイムラインの意味のわからない
comment	また慣れてないですが、素敵な思い出に残る写真を沢山残して繋がる世界中の皆さんとInstagramで楽しく過ごします
complaint	エレベーターなかなか来ない(朝)
comment	繁華街しては静かだった、食事良かったです、
comment	以前かりゆしの方に泊った時にいいなぁと思っていたら、いいプランがあったので即予約して家族７人で遊びにいきました
request	バスタオルやフェイスタオルの他に、ハンドタオルがあるとよい
undetermined	最後は外人宿泊客が多かったこと
complaint	インストールし直したり何度ためしてもダメ
complaint	価格が安ければ申し分ありません
comment	アメニティも充実しています
comment	しいて言うならもう少し広ければなお嬉しいかも
comment	妊娠中の妻と3歳になる娘と滞在しました
comment	新宿御苑を臨めることと新宿駅までの近さ
complaint	ベッドが小さかった
complaint	無料コーヒーコーナーが21時で終わりだったのが残念
complaint	道の声を聞こえる、うるさい
complaint	構造上仕方がないのですが隣室3室が扉を開けた状態で長くおしゃべりされると　特に夜は残念でした
bug	506SH(AQUOSXx4)使用中 最近、自分がアップロードした動画リストが全部表示されない
complaint	周囲に合わせて仕方なく利用している
comment	トリプルルームに宿泊しましたが、お部屋もベッドも十分な広さがあり、天井も高かったので圧迫感が全然なく快適でした
complaint	自分で給水しようと思ったが、水タンクが分かりにくかった
comment	ツインルームでしたが車いす対応の部屋だったので広さも十分でした
comment	水のサービスが嬉しかった携帯の充電がUSBからできることに驚きました
comment	部屋もアップグレートしてくれ、富士山が見える部屋に変更してくれました
comment	最寄駅までの距離は許容範囲内だが、近くもない
comment	元々1080p31fpsは問題なく再生できました
complaint	お風呂(大浴場)利用人数が多過ぎてゆっくり入れなかった
comment	最終的にリストに名前はあったのですが、Bookingでは氏名がローマ字での予約なのでフロントの方が見つけ難かったそうです
complaint	温泉まで遠い
complaint	4月27日から全くデータが更新されません
bug	4月27日から全くデータが更新されません
complaint	壁とカーテンの間の隙間から朝の光が差し込んで、それが邪魔で目が覚めた
complaint	初期の頃の方がまだ良かった気がする
comment	また、ホテル前にはビーチがありネットも張られていて安全に遊べます
comment	ぜひ、また行きたいです
comment	スタンプの種類などは完璧です
comment	地下鉄の烏丸御池に近くてあちこち回るのに便利です
comment	何度もリピートしたいです
complaint	部屋のカードキーに不具合があり面倒だった
comment	ルームサービスのケーキが美味しかった
undetermined	うごきやすさ
complaint	必要無いのはほんとにいらないって事
comment	部屋がとてもラグジェアリーで、清潔感があって良かった
complaint	ダブルルームにしてみたら部屋が狭すぎる金額を考えるとリッチモンドホテルなどのホテルと同じくらいは欲しい
complaint	他のアプリは来るのになぜでしょう
comment	パジャマ 加湿器 ミネラルウォーター ポットと私の欲しいものが全てあったので満足です
comment	美ら海水族館にも行きたいので美ら海水族館の近くのホテルにしました
comment	アミューズが使い易かった
comment	LINEは、したらいけない私にとってとっても重宝しています
request	洗顔料やローション位は常備して欲しい
comment	時に2階レンストランのスタッフさま,本当にありがとうございました
complaint	見た目は綺麗でしたし、応対も良かったのですが、お料理そのもののお味が不味くはないのですが残念な感じ
complaint	あとはアップデートが多すぎます
complaint	データの保存性、複数端末での同時利用、扱えるファイル種、セキュリティ、検索レベル等が類似サービスと比較して大きく劣る
comment	ロケーションも最高で、ベッドも快適、室内の備品も何だかお洒落でかつ機能的でした
bug	すぐに強制終了で困ってます
complaint	すぐに強制終了で困ってます
request	全部元に戻してください
complaint	タイムラインに広告は止めてほしい、本当に迷惑なので
comment	どこに行くにもアクセスが抜群によく、お部屋が清潔で、かゆい所に手が届く感じの完璧なサービスでとても快適でした
comment	朝食が美味しかった
complaint	androidなのだが、右上に通話中というタスクバーが出てきて邪魔
bug	見たい動画をタップしてもすぐにフリーズして動画が見れません
comment	他のユーザーはいい加減自己解決しようと思わないのか
comment	場所はモノレール駅からすぐでわかりやすくいいです
comment	そのくらいの価値がある素敵なホテルでした
comment	事前に高層階リクエストをしていたためか、ホテル棟から無償アップグレードでコンド棟のプレミアムスイート（１２階）へ
comment	景色が良かった
complaint	便利だけど無料通話って言いながら五分すぎるとお金がかかるとか意味わかんないし、軽い詐欺じゃね
complaint	シャトルバスが京都駅まで行かないこと
comment	スタッフが親切で、一流の接客でした
complaint	二度の朝食のうち一日しか利用しなかったので、その時間だけが偶々かもしれませんが、とても混んでいました
complaint	ドライヤーの風力が弱くて、なかなか髪が乾かなかったのが残念でした
complaint	中には機械的な感じのするスタッフさんもおられ、場所柄なのかな、と思いました
undetermined	次が部屋のサイズ
comment	コンセントが多くて便利だった
comment	素敵な旅になることを期待しています
complaint	ただ、私の部屋だけかもしれませんが、お湯がなかなか出てこなかったのがn残念でした
comment	ホテル周辺には25時間営業の定食屋とコンビニがあるので食事に困ることはないと思います
comment	綺麗
comment	それぐらいとても素敵なホテルです
undetermined	ドアを開けたらすぐにベッドがあること
complaint	タクシー以外の交通の便が悪いのが玉に瑕
bug	とっても面白い
comment	まだ寒いのでなかなか海に入れないですが、プールで遊びました
comment	お風呂がトイレと別れており、リラックスできた
comment	皆さん、いいですか
comment	お風呂がよかった
comment	利便性がよかった
comment	ブッフェ形式の朝食も十分に場所が広く、美味しい食事がいただけました
comment	ベッドルームと完全にセパレートされる入り口のテーブルのお部屋などの室内の絶妙な配置
comment	サービスはさすがのヒルトンブランド
comment	日本全国リッチモンドがある場所に行ったときは必ず宿泊していますが、沖縄は始めて
comment	朝食がおいしかった
complaint	浴室内に鏡がなかった
request	ニュースと通話履歴の所を削除してもらいたいです
complaint	そして、もう少し安価ならもっと素晴らしいね
comment	新橋駅の地下街とつながっていて、雨でも濡れずに徒歩で着けるので便利
complaint	入り口は殺風景でフロントまで、距離がある
comment	水遊びができる深さになるのは朝と夕方だけ
comment	カードの分割払いが不可でした
comment	よろしくお願いします
comment	建物もまだ新しく清潔で快適なのに価格が凄くリーズナブル
complaint	する気が無い
complaint	新着情報の表示も止めてほしい
complaint	もう少し安ければ
bug	アンドロイドだからか、ホームボタンとアプリのボタンがかぶって、スナップを削除するってゆうボタンとか保存のボタンとかが押せません
comment	ベットの寝ごごちがよかったエキストラベットの期待はしていなかったがこれもよかった
comment	フロントの対応が、よかったです
comment	清潔感があります
complaint	非常に困っています
complaint	結構壁についたホコリが目立って気になりました
comment	特になし
undetermined	数えてないが、最新の31件程度
comment	またアンインストール→設定し直しなんでしょうか
complaint	またアンインストール→設定し直しなんでしょうか
complaint	それって私だけ
bug	再インストールして投稿できるのは1回だけ(涙)次に投稿するには、またまたアンインストール→再インストール…
complaint	(動画が見辛くなっている)
bug	(動画が見辛くなっている)
complaint	(*`д´*)はよどうにかして欲しいです
complaint	開こうとしてミスポチするからやめて欲しい…
request	オール禁煙ルームとするならば、館内に喫煙ルームなどの設置をしてほしい
comment	お部屋のリクエストなどに親切に応えて下さったこと
comment	施設がとても綺麗です
comment	ホテルマンの対応が素晴らしかったです
comment	とくになし
comment	バス、トイレが独立していた
comment	ホテルはとてもキレイで部屋も居心地がよく、とても快適にすごせました
complaint	早急に修正お願いします
complaint	もう少し安くてもいいかなと
comment	特に佐和の海ぶどうご飯は玉子とのマッチングが絶妙で一押しです
comment	子供を連れていたのでベビーカーを借りられたのは助かりました
comment	お風呂のお湯が自動でとまる
comment	朝食付きなのが便利でした
request	ARROWSの携帯を現在使っておりますが送信ボタンの関係で画像や動画が送信できないので送信ボタンの改善をお願いしたいです
comment	キティルーム大好きです😌💓キティの朝食がかわいい💖
comment	義父は沖縄初。
comment	フロントはすごく豪華で、お部屋もベットも脱衣所もすごく良かったです
complaint	しかも事前に朝食の内容を伝えてくれればキャンセルしたのに
comment	お粥を選んだ義母もとても美味しかったと満足していた
comment	めちゃくちゃ美味しかった
comment	全ての従業員がプロとしての意識が高いとのだと思います
comment	それ以外は大丈夫かなー
comment	調べて出来ることは色々試しましたが未だなおらずです…
comment	それとも携帯が悪い
complaint	もう少し、景観が良ければ言うことなしなんだけどねぇ
complaint	急須の取っ手が固定されているので使いにくい
comment	繁華街のど真ん中です
comment	バイキング美味しかった😋
complaint	早めの対応をお願いします🙏追加、フィールドをリフレッシュ出来ませんって出ます
request	早めの対応をお願いします🙏追加、フィールドをリフレッシュ出来ませんって出ます
complaint	うちの環境が悪いのかも知れませんが重いです
comment	バスタブが、大きく入浴剤が着いていたことなどゆったりできました
comment	海外からの送料を除けば安心して購入出来るサイトです
comment	ホテルスタッフ一同の対応の良さ
comment	和洋ビュッフェだが、種類豊富
comment	露天の甕風呂もふたつあって気持ちよかった
comment	お部屋が綺麗で良かった
bug	他の方もあるようなので書きますが､以前であれば1080p60で視聴出来ていた動画が720p61でしか視聴できなくなりました アップデート前はこんなことなかったので非常に残念です
complaint	他の方もあるようなので書きますが､以前であれば1080p60で視聴出来ていた動画が720p61でしか視聴できなくなりました アップデート前はこんなことなかったので非常に残念です
complaint	どの動画でもそうって事はアプリ自体の欠陥としか思えません
complaint	トイレ、シャワールームのレイアウトが使いにくかった
comment	翌日離島ターミナルから波照間島に行くため利用しました
comment	お風呂が広いコインランドリーがあったのでとても便利でした
comment	独立した快適なお風呂、美味しい朝食、そして寺町通りと新京極のアーケードに面した絶好のロケーションにとても満足しました
bug	4月9日にAndroid7.0にアップデートしましたが、fbにだけシェアが出来なくなりました
comment	スタッフさんの対応も良かった
request	通知が更新されて、知らない通知が多くあるので、更新されず、1つずつ通知が来るようにしてください
comment	これみんなに写真遅れて大好き
complaint	動作検証してから公開してください
comment	スタッフの対応が、気分が良い
comment	空き部屋があったためグレードアップをしてくれた点
complaint	チェックインの時に予約がないと言われて待たされたのがイヤだった
complaint	ただ、空調が送風か暖房どちらかできないそうで、その日はまだ寒かったのですが、ホテル側の設定で送風になっておりとても寒かったです
comment	夏休みに訪れましたが、潮位の関係で、日中はまったく泳げませんでした
undetermined	謎謎!
comment	国際通りでも少し静かなエリアにあります
comment	自分だけや、少数でしか確認できないレベルの場合、大抵自分の使用環境によるものですよ
complaint	どの部屋でも快適にワィファイ接続が可能出来るように
complaint	アプデうざいです
comment	スタッフの感じがよく、部屋も清潔で静かで心地良く眠ることができました
comment	従業員が親切だった
bug	アップデートの日以来非公開でも無いのにある人のプロフィール写真が投影されない見れなくなった
comment	清潔感と上質なサービスで、気持ち良く過ごす事が出来ました
bug	ユーザー名登録できん
comment	楽天ぱんだはこっちが多いので、Viberがいいんですけどね
comment	バス停、港、ショッピングモールなどすべてに近いのでおすすめです
comment	XperiaXcompactです
comment	また宿泊します
complaint	レストランが高すぎ
comment	観光の交通手段を地図に記しをつけて持って来てくれて教えてくれた
comment	コンビニや映画館がホテルにあったこと
comment	Booking.comでの説明に朝食付きと思わせる記述があったのですが朝食が無いプランでした
complaint	客室の内装はもう少しモダンでもいい
complaint	プッシュ通知のサポートリクエストがもうずっとエラーで見れなくなってます
bug	プッシュ通知のサポートリクエストがもうずっとエラーで見れなくなってます
complaint	テーブルの椅子が、小さく高さも合っていない
comment	水とコーヒーのサービスもGood
bug	今日入れてログインしようとしてもできなぁーい
complaint	初めて朝食待ちましたが、お腹いっぱい食べました
comment	初めて朝食待ちましたが、お腹いっぱい食べました
comment	雨の日は無料のビニール傘の貸出があるのは便利なサービスで、嬉しかった
comment	でもメッセージについては文句がないのでメッセージは非常に便利だと思います
comment	部屋の窓からの景色も絶景
comment	6月に再度利用予定がありますので楽しみにしています
complaint	勘違いされたりと迷惑な事があります
comment	ホテルが綺麗で周辺施設の充実さもあり
complaint	やはり懐石は外の料亭でいただくべきだったなとそれだけが残念
complaint	レストランが全て高くて安いお店を探すのが大変でした
request	着せ替えの検索機能をもっと充実させてくれると嬉しいです
complaint	チェックインの際、予約者リストに名前がありませんと言われました
comment	ロビーでのコーヒーの無料提供も良かったです
bug	すぐ落ちる、だめだめ、使えない
complaint	すぐ落ちる、だめだめ、使えない
comment	しかし今回は何事も起こりませんでしたが所々に素晴らしさを体感出来ました
comment	スタッフも親切でした
complaint	早急に対応お願いします
comment	久しぶりに夫婦二人で飲むことできました
complaint	腹立たしいから私が投稿した動画を全て削除してやりました
request	喫煙可の部屋を作って欲しい
bug	絶対1080pのはずの動画もなぜか721pで再生されるんですけどこれはバグですか
complaint	絶対1080pのはずの動画もなぜか721pで再生されるんですけどこれはバグですか
complaint	更新するたびに使いずらく鬱陶しい機能が増えています
comment	赤坂の閑静な場所で、しかも繁華街にも近くてとても便利
bug	今までは最高だったんですが、 ここ数日、Wi-Fi環境で速度制限など 来てないのですが、高画質再生ができません
bug	4k60pの動画がAndroidからだと721でしか見られません
comment	比較的使いやすいと思います
comment	従業員の方々も親切で気持ちが良かったです
complaint	隣のビルが近いこともあり、天気がわからないほど太陽の光は入ってきませんでした
undetermined	赤坂なのにね
request	欲を言えば、シワ、汗取り(リセッシｭ)のような物やボディータオル、アメニティがもう少し充実していれば良かったです
comment	100点満点中の100点のホテルです
complaint	結婚式のために利用したのに、対応が悪くすごく不愉快でした
complaint	はっきり言って、立地とビジネスのことしか考えていないところが　経営者のハートが知りたく無いほど伝わる経営方針がビンビン感じられ、最終的には笑顔でチェックアウトはできなかった
complaint	使いづらくなった
request	各フロアに自動販売機が欲しい
complaint	他の人のお気に入り記事、本当に要りません
comment	スタッフの皆さまが心地の良いサービス提供を心がけているように感じました
undetermined	ロケ-ション
comment	人工温泉の大浴場がよかったです
complaint	アップロードに時間がかかりすぎる
undetermined	別にない
complaint	部屋の鍵をドア横のポケットに入れないと電気がつかない
complaint	シャワールームのマット、足が痛かった
complaint	少し冷房に問題があった
complaint	テレビで一時期見れたのに、大画面で見るのにいちいち飛ばすの大変だ
comment	ホームページにきちんとのっているので、最初から確認しておけば良かったです
complaint	お部屋までの案内をお願いしたけど、重い荷物を持ってくれなかったり
comment	国際通りまで少し歩きますがとても便利で毎回つかわせていただいてます
comment	全て美味しかったです
complaint	テーブルがもう少し大きければありがた迷惑ありがたい
complaint	毎回非表示にしても、次開く時にはまた料理やエステや…と出てくる
bug	更新してから全く投稿ができなくなってしまいました
comment	良い 追試：広告はその動画の投稿者がカネのために付けたものです
comment	便利に使わせてもらってます
complaint	最初に予約した部屋とは違い、よい部屋に変えたつもりのようですが、テレビを見るフロアが板張りでくつろげず居心地が悪かったです
complaint	朝食がいつも、少量しか表に出てないので、4グループ同時に食事すると、かならず何品目かはからになってしまい、補充をお願いして待たなければなりませんでした
bug	ログインできない
comment	新宿駅に近く、便利
complaint	セーフティBOXも室内に無い
complaint	ホテル内レストランの予約が一杯で苦労した
complaint	朝食がどのスタイルのレストランでも長蛇の列が出来ており、出発の時刻が読めなかった
comment	次は朝食も食べようと思います
complaint	中国人が騒がしかったのがちょっとね
comment	次は朝食
complaint	使いずらい(っ'-')╮ =͟͟͞͞🔪
comment	フロントもgood、部屋も清潔、浴槽も心斎橋のコンフォートよりは広かったです
comment	ちょー便利
comment	こんなものなのかな
comment	通話がとてもクリアに出来て良いと思います
comment	期待通り、種類も豊富で美味しいです
comment	朝ごはんのビュッフェも普通においしかったです
complaint	一点、雨の日や風の強い日など、屋外のテーブルが使えない日は、朝食並びます
complaint	とても動画が見づらいです
comment	宿泊3日前に価格を確認し直したら、同じ部屋設定で16%安価なプランが
request	あと強いて言うなら鹿の顔になるやつが欲しいです
request	お風呂は広いのでバスタブにいれておきましたが、使ったタオルおきバスケットなど、あったらよいですね
comment	ベットの寝ごごちがよかった
comment	朝ご飯が最高
complaint	清掃がイマイチ
comment	スタッフの対応も良かったです
comment	設備が新しいので気持ち良かったです
complaint	お部屋が狭かった
comment	インストール後、強制的にデータの公開・共有を強いられ、それらのOFF機能は無いに等しい
comment	部屋が広いきれい
request	各チャット、通話、ビデオ通話それぞれのショートカットをホームに作れると尚良し!! 現状はできないです
complaint	嫌いになりそー
undetermined	居心地
complaint	シャワーの湯量が全然足りなかった⤵︎
request	シャワーの湯量が全然足りなかった⤵︎
comment	特になし
request	ただ、欲を言えばニュースのジャンルの入れ替えができるようにしてほしい
request	スタンプや着せ替えなどで買いたいものをリストに入れたりする機能があると便利かなと思います
request	タグをつけて１日に何回も投稿連投する人を規制して欲しい動画が重くて上げられない
complaint	タグをつけて１日に何回も投稿連投する人を規制して欲しい動画が重くて上げられない
comment	朝食はメニューも豊富で美味しかったです
complaint	wifiが遅い
request	元に戻してください
comment	ローケションも最高で沖縄朝食が豊富で良かった
comment	予約したのはソファがある部屋でした
comment	斬新なデザインのお部屋でびっくりでした
complaint	２インチでつまらん
comment	ベッドが広々で堅さも丁度良く寝心地が大変良かった
complaint	ひとつは以前に比べインターネットのつながりが悪くなっており仕事が効率よくできなかったこと
complaint	朝食バイキングがワンパターンなので、連泊するとイマイチ
comment	那覇滞在時のホームグランドにします
complaint	元に戻してください
complaint	非表示にできないのはなぜ
comment	綺麗に清掃してありました
comment	時系列は特に問題ない
complaint	上の方の階だと地下まで買いに行くのが手間です
comment	旧端末のバージョン4.1も調べましたが、画質は同じ症状、31件以上の表示はできました
comment	立地はすごい
complaint	和室だったが部屋にはシャワーのみでバスタブ無し
comment	また利用したいと思います
comment	フロントの対応もよく、ホテル内のリラクゼーションサロン「楽朕」を利用したのですが、すぐに予約でき、とても気持ちがよかたです
comment	もう最初の２泊目から、次もこのホテルにしよう
comment	お部屋の抹茶やコーヒーの飲み物の充実
request	改善して下さい
comment	目の前には駐車場に、コンビニが３件
comment	夜も静か
comment	移動するのに便利な場所
comment	駐車場が近くてよかった
complaint	週末料金で仕方がないが値段と設備、広さが釣り合ってない
comment	娘が妊婦でしたがさりげなく気遣いをしてくださったり、ビーチへ行くことを伝えるとお水やタオルのご用意を下さったりと諸々とおもてなしの心を感じました
complaint	朝型のフロントのおねぇさんが無愛想だったのが残念
complaint	フォトの並び換えが出来ないのがちょっと…あとは、ヘルプの質問が入力できなかったり、ヘルプメールできなかったりも不便
request	フォトの並び換えが出来ないのがちょっと…あとは、ヘルプの質問が入力できなかったり、ヘルプメールできなかったりも不便
complaint	洗面所の天井が汚れていた
complaint	他IDからID検索が効かず不便極まりない
bug	本体を更新したら開けなくなりました
comment	マイフェイバリットホテルのリッチモンド
comment	朝食のバリエーションが豊富で、美味しかった
comment	今回朝食は佐和で2回、ベルデマールで2回としましたが、とても満足です
comment	清潔な印象で、過ごしやすかった
comment	飛行機を使って来る人には伊丹、関空ともリムジンバスのアクセスが非常に良いのでおすすめします
comment	スタッフは感じが良かった
complaint	洗面台が浅くて水ハネが気になった
comment	また、6月も活用します
bug	画面が音だけで画が真っ暗でなんにも見えない
request	複数枚写真を投稿しているものは保存できないので、保存出来るようにしてほしい
complaint	写真では二人がけのソファでしたが一人がけのソファで写真から想像したレイアウトではありませんでした
comment	浴槽部分にちょっとした棚があり、持ち込んだ洗顔フォーム等を置くのに便利です
request	毎日見るのが日課になっていますが、しいて言えば Androidでの改行お願いします
complaint	少し部屋にゆとりがない
comment	４月２１日より３泊しました
complaint	一人でなら気にならないが、家族で行くなら、空港からのバス料金は高すぎるとおもう
comment	地元客とすぐに仲良しになれ、最高の夜でした
complaint	ベッドが硬い
complaint	京都なのに朝食が簡易洋食のみ
comment	お陰様で良い旅行になりました
comment	翌日からは石垣島へ行くのに朝早くのフライトだったので空港も近く便利でした
complaint	登録している人間のタイムラインが一目で確認出来ないのはとても困ります
complaint	タウンワーク、ファンケルその他もろもろを何度非表示にしたと思ってるの
complaint	もう利用することはないと思います
complaint	後、画像などが表示されません
bug	後、画像などが表示されません
comment	オススメですね♪
comment	NEWSもLIVEも使ってないから
comment	フロントスタッフも協力的で迅速な回答をくれます
comment	概ね使いやすいけれどトラッキング機能が少し貧弱な気がする
complaint	概ね使いやすいけれどトラッキング機能が少し貧弱な気がする
comment	朝食は４回いただきましたがメニューは違っていました
undetermined	無し
comment	ベッドは気持ちよかった
comment	受付スタッフも清掃スタッフも、皆さん感じが良かったです
comment	過不足なく、清潔で、なによりもオジサンぽくないのが好きです
comment	バスタブ 洗面台 トイレが別なのが良かったです
complaint	ご時世なのでしょうが、喫煙所が外のエスカレーター横に2箇所
comment	お風呂が西洋風ではなく、洗い場と浴槽という日本式だったのがすごく癒されました
comment	ラインの無料通話より良いかも?!
request	朝食など、サービス内容をしっかりと説明が欲しい
comment	そこからの景色は最高でした
bug	ブロック解除したユーザーがいつまでたってもブロックリストから消えません
comment	ゆいレールから、濡れずに移動できます
comment	立地が良くレンタカー会社や国際通りまでも近くとても便利でした
complaint	おまけに最近は｢○人がいいねしてます｣とか｢～ by line｣の面白画像やらレシピやらが出てくる
complaint	バイキングで多かったので呼びのバイキングルームに案内されたが、ロケーションが悪かったです
bug	最近になって元々1080pまで設定できる動画が721pまでしか設定できなくなりました
complaint	って書いても改善しない
comment	宿泊は小さな子どもにも優しいホテルオーシャン 国際通りにしました
complaint	すっごく迷惑です
comment	新しいので清潔感はあり
complaint	二回利用して部屋の匂いが非常に悪かった
comment	特にない
complaint	欲しいものリストに限りがあるのは不便
complaint	そとろうかだったから、寒かった
request	あと、新しく追加されたリレーの削除または設定から非表示と表示を選べるようにしてほしいと思います
comment	バスローブがある事も嬉しかったです
complaint	浴室用のフェイスタオルを３枚揃えてほしかった
request	お部屋に消臭スプレーがあると尚良い
comment	大満足です
comment	2017/3月に4連泊しました
comment	すげー可愛かった
complaint	せめてスキップできる広告にしてくれ...
bug	ようやくスナップ送れないエラーがなおったと思えばインカメのフラッシュが使えなくなってる
complaint	内装はプリント合板感アリアリで、フェイクの植物が飾ってあり、トイレの合板のドアも軽すぎて深夜でも音が響いて、値段の割にはチープな感じがした
request	サラダ(野菜)があれば、更に良いなと思いました
complaint	知らない人のタイムラインなんてどうでもいいです
comment	朝食の内容で値段が高い気がする
undetermined	受付のそっけなさ
request	そーゆーのもかいてください
complaint	もっとお安かったら言うことないんですがねぇ
comment	どうやったら特製のフィルター追加できるか誰か教えて👂
comment	私が飼っていた猫になりすましてまで写真盗もうとする奴がいて呆れる
complaint	廊下が外なので、エレベーターを待ってる時、寒かった
comment	さらに朝食も思ったよりすべてレベルがある食材を使用しているようでしたので、美味しく頂きました
comment	市内中心部に位置していて立地はとても良い
request	一時的に非表示にするのではなく、その投稿者の投稿をすべて非表示にする設定がほしい
complaint	できない
complaint	部屋に入ってなんの説明もない
comment	でもなんとかなりましたが
comment	離島への船の乗降ターミナルや石垣市繁華街の近くに位置した便利の良いベッセルホテルはお値段も手頃で、朝食サービスや接客態度などどれをとっても最高レベルのサービスで、コスパの高いとても素敵なホテルでした
request	元に戻してほしいです···
complaint	アップデートしてから突然動画が見れなくなった
bug	アップデートしてから突然動画が見れなくなった
complaint	お風呂が浅い
comment	特になししいていえば車が利用しにくい
complaint	特になししいていえば車が利用しにくい
comment	ゆいレール旭橋駅の目の前にあるホテルでとてもアクセスが良いです
comment	快適でした
comment	全体的にキレイ(新しい)
complaint	寒かった
complaint	入口がわかりにくい
request	時系列に表示されるように戻してほしい…
bug	ユーザー名登録できない
complaint	トイレとお風呂の所の、段差が、気になりました
comment	沖縄では定宿にしている一番好きなホテルです
complaint	最寄り駅からやや距離がある
comment	朝食のバラエティーが豊富
complaint	細かい事を言うとお風呂は新しく綺麗なのですか、赤カビがタイルに出ている部分があったので、少し気になりました
complaint	掃除がいまいちベッド脇に物を落とし寄せたら大量のホコリや……シャワー室、洗面台隅々が汚い
comment	立地が最高です
comment	レディースフロアに宿泊しました
comment	リッチモンドさんなんで部屋の綺麗さはさすがです
complaint	もう少しお部屋が広かったらもっと快適だろうと思いました
complaint	４連泊したが全部の朝食メニューが同じ
comment	基本的に安心できる海外通販だと思います
complaint	チェックイン前に、弟家族の部屋の近くをリクエストしたのですがタイプ違いということと満室との事でした
complaint	興味無しにするとワザワザ理由を聞いてくる曲に全く反映されない辺りユーザーを馬鹿にしてるよね
bug	ユーザー名が登録できずその先すすみません…
comment	スタッフの方が親切
comment	いいホテルです
comment	大学受験のため親子で利用しました
comment	美味しい朝食
complaint	コンセントも使えない
comment	フルキッチンで、調理器具と食器が備え付けて有ります
complaint	不意に時々なるんですが対応して下さい
comment	清潔感ががあり、スタッフの方も大変親切で気持ち良く過ごせました
comment	コンセントがたくさんあった
comment	表通りから少し入りこみ静かに環境だった
comment	景色が良かった
comment	立地、応対はよかったです
complaint	窓からの眺めは最悪
complaint	他の人がスタンプ押したタイムラインに興味も無いし、一時おさまったと思ったらレシピやら髪型やら、また勝手に動画再生…やめていただけますか
comment	お部屋も清潔で、フロントの方の対応もとてもよかったです
complaint	それからWi-Fiはパスワード無しにしてほしい
comment	室内の温度を確認しながら変えれればよし
request	駅から無料でバスが出てるとありがたいなと思った
comment	駅から近く空港までの距離も近いので、早朝便にも活用できそうです
comment	ロビーも季節ごとの飾りつけがされてお洒落で素敵です
complaint	窓のカーテンが少し窓から離れすぎ
complaint	動画ボタンが反応遅い
comment	好きなものがきっと見つかる感じ
request	たまに間違えて当たる時もあるからなんとかしてほしいかなってくらです
comment	リクエストにも満足でした
comment	廊下にはお香が焚かれていて、京都気分を満喫できました
comment	宿泊費も高くなくコスパもいいときたら最高
comment	癒され旅になり、感謝です
complaint	ゆったり浸かれない
complaint	フロントが中々電話に出ない
comment	特に６泊したので、この点はすごく助かりました
bug	・動画再生できない
complaint	こんなに外国人のおおさに少し驚きを感じた
comment	私は腰痛持ちですが、ベッドの寝心地は硬めで快適でした
request	ユーザーをブロックしたと同時に、そのユーザーの動画を非表示にしてほしい
comment	特になし
comment	知恩院の除夜の鐘を聞きたかったので、このホテルを選びました
complaint	そして画質が悪いです
comment	国際通りの端にあり、アクセスが良いです
complaint	超不便
comment	綺麗で部屋も広かった
complaint	フィードバックも送信しているので早急に対処してください
undetermined	バス　トイレが別で洗い場があった点
comment	潔癖症な自分としてはお風呂とトイレが別なのがとても嬉しかった
complaint	客室のユニットバス、トイレは 経年によるヘタリが見られてちょっと残念です
complaint	いつでも急に不具合が発生します
complaint	冷蔵庫は冷蔵の機能だけあるのが残念でした
complaint	カーペットにゴミが
comment	ベッド、バス、タオルのみならずミニ冷蔵庫や小物備品も清潔感一杯
comment	また宿泊したいねと話しています
complaint	料金に見合うサービス、室内環境ではなかったといわざるをえないです
comment	口コミ通りの満足なホテルでした
comment	ヘンな匂いもしなくて、とても清潔
comment	海側の部屋をとってもらって見晴らしも最高
complaint	動画が見たいのに見れないとか最悪や
complaint	ちょっと紛らわしいかも
comment	コンビニも近くに数件ありました
complaint	最近、広告がね
comment	新京極の中にあるので、いつでもショッピングを楽しめました!
comment	客室もとても静かでゆっくり出来ました
complaint	フィードをリフレッシュできません()ってのが出てきて写真が見れません、早急に直してください
bug	フィードをリフレッシュできません()ってのが出てきて写真が見れません、早急に直してください
comment	動画を観ている時に広告が入る時があります
complaint	子連れの歌舞伎町が少し怖かった
bug	昨日はなんでもなかったのに通話切ってもずっと着信音鳴りっぱなしでした
comment	ロケーションは良い
complaint	ベッドのマットレスが硬くて身体が痛かった
request	強制終了とかそういった不具合はないけど、アプリの仕様なのかYouTubeそのものの仕様なのか、見ている途中にＣＭで中断するのはやめて欲しい
complaint	強制終了とかそういった不具合はないけど、アプリの仕様なのかYouTubeそのものの仕様なのか、見ている途中にＣＭで中断するのはやめて欲しい
complaint	場所が良いので仕方ないが、この値段で朝食なしなのかと、ちょっと思った
comment	使用時の通信状態にも よりますが、概ね良好に使えています
complaint	部屋に置いてある泡ハンドソープの泡が出なかった
complaint	古い
comment	2階にコンビニが常設されてる点バリアフリーの部屋が清潔で広く使いやすかった
comment	地下鉄に直結なので観光には最適でした
complaint	部屋数の割にエレベーターが３機と少なく、毎回数分待たされたのが残念でした
comment	ローマ字での予約との旨を伝えれば大丈夫そうですね
complaint	唯一不満を述べるとしたら、那覇空港から遠いぐらいです
comment	ブロックしたユーザーの完全非表示は嬉しい
comment	ありがとうございました
comment	あと、朝食が美味しかったです
comment	外国人客が多く スタッフは若くて可愛い女性が多く 笑顔で対応してくれるので、気持ちのよいステイが予想されます
complaint	場所が分かりにくい
complaint	マンションを改装したホテルのようで、改装はしてるものの生活臭が残ってる気がした
comment	設定や発生条件・環境など、必要な情報も伝えず修正できる訳がないのに気づかないのか
comment	施設は新しく、温泉もあり、エメラルドビーチや美ら海水族館も徒歩すぐで観光にも便利で、非常に満足でした
comment	とても気持ちよく何でも聞いたらお願い出来ました
complaint	部屋暗い、もっと健全な感じのデザインでも良い
request	３泊しましたが、朝食の内容を替えていただけたら最高です
complaint	電気のスイッチがベッドの真ん中にあるので一回一回ベッドに上がらなければならない
complaint	朝食の終わる時間が早い
request	ならばユーザーがそれぞれ自由に細かく設定出来る様にして欲しい
comment	自然相手なので仕方ありませんが、調査不足でした
comment	駅に近くて便利、そしてバスルームが綺麗で快適でした
request	元に戻してください
complaint	下手に円表示されても購入時の為替と合わないのでかえって不便です
comment	普通だったので特にはないけれど去年泊まって感激したのですが、今回なんか変わった感じがしました
complaint	普通だったので特にはないけれど去年泊まって感激したのですが、今回なんか変わった感じがしました
complaint	チェックインも滞在中もすばらしかったのに、チェックアウトの時や、預けていた荷物を取りに伺ったとき（12/26午前中）のスタッフ（女性２名・男性４名）の方は、カウンターで私語をしていて、気になりました
complaint	この部分はbooking.comでの予約だからかなとも思えてしまいました
complaint	全然だめ
complaint	洗面所がもう少し広かったら良かった
complaint	コーヒー等のサービスは、朝もあると良い
complaint	どうなってる
complaint	部屋は狭かったけれど、朝から夜まで出かけているので何ら問題はありません
comment	部屋は狭かったけれど、朝から夜まで出かけているので何ら問題はありません
comment	良くなかった点、これしか思い浮かびませんでした
comment	朝食も美味しいし、バーも素敵だし…また是非宿泊したいです
undetermined	部屋の清潔感
complaint	場所がわかりにくかった
request	自分とチャットできるようにするか、タブレット用に電話番号なしでも登録できるようにしてほしい
complaint	改悪よね
request	バーの閉店時間が現在の深夜12時を、2時くらいにしてもらうと、外から食事のあと帰ってもっとゆっくり飲めると思う
comment	やはり、リッチモンドクオリティでした
comment	外観やフロントは若干チープな感じがしますが、部屋は広くて明るいです
comment	お風呂がいい
comment	部屋からと最上階からの夜景がキレイ
comment	朝食が美味しい
complaint	アップした動画が最近のものしか表示されないのも大変困ります
bug	アップした動画が最近のものしか表示されないのも大変困ります
comment	又、来年来ます
complaint	価格設定が基本人数2〜4名からの値段なので高い
comment	母と娘の二人旅です
comment	質問の行き先を、口頭だけでなく分かり易く、書き記しておいて下さいました
comment	今後動画はYoutubeとTwitterに投稿しまーす
complaint	駐車場のすれ違いには気を使います
comment	スタッフの皆さんもできるところまでサービスを提供してくれようという気構えは伝わりましが、結局のところ、普通のホテルができるようなサービスは、ここでは期待できなかった
complaint	スタッフの皆さんもできるところまでサービスを提供してくれようという気構えは伝わりましが、結局のところ、普通のホテルができるようなサービスは、ここでは期待できなかった
comment	リクエストをしてベッドをツインに、ライティングデスク、デスクライトを用意して頂きました
comment	浴室が清潔
bug	音声は流れるのですが、 画面が止まり困っています
complaint	音声は流れるのですが、 画面が止まり困っています
comment	清潔感あふれる室内です
comment	朝刊も読めたし、銀座中心街に近いし、歩いてなんでも揃います
complaint	友達の知り合いの事なんてほんまどうでもいいゎ
comment	特にないです
request	早急に改善を
comment	とりあえず使えます
comment	場所が良い手続きがスムーズ
bug	いきなり動画見れなくなりました
comment	ありません
comment	スタッフの応対も沖縄のビジネスホテルではトップクラスでは
complaint	上がりがまちが奥過ぎて、洗面所、お風呂、トイレには下駄を履かないと行かれない
comment	沖縄も西海岸とかに行けばもっとビーチリゾートになるであろうが、北谷でもしっかりリゾートできました
comment	4月26日に更新していたみたいです
comment	しいて言えば、朝食を売りにしているホテルも増えてきたなか、朝食は一般的かも知れません（普通に和洋食でおいしくおなか一杯食べられます）
bug	登録出来ないから開けない
complaint	フィードをリフレッシュできませんってさっきから急に見れなくなった
bug	フィードをリフレッシュできませんってさっきから急に見れなくなった
request	もし十分なキッチンがないなら、せめて手作りのおにぎりと味噌汁とお新香と温泉卵とフルーツみたいな、場所を取らずにできる簡単な和食のルームサービスにしてくれれば、かなり嬉しかったけど
complaint	部屋のトイレスペースが狭い
comment	洗面所が部屋内にあるのが便利だった
complaint	自販機が地下一階にしかなくて、行くのが面倒でした
complaint	声かけのタイミングも悪く、お客さまに目線が行かず、自分の仕事に没頭し過ぎ
bug	着せ替えとスタンプがインターネット接続してないと出てダウンロード出来ない
comment	必ず再訪したいと思います
comment	久々に豪華なお部屋に宿泊しました
bug	通知音が鳴らないか短く大変困ってます
complaint	通知音が鳴らないか短く大変困ってます
comment	チェックイン時に焼きたてのクッキーを頂き美味しかった
comment	特に先斗町や四条で夕飯を食べたあと、腹ごなしで歩きながら帰ってこられるのは最高です
bug	まず、登録できない
bug	フォロアー検索が出来なくなりました
complaint	サウナが湿式だけで、温度が低かったこと
comment	いろんな口コミ＆評価もかねて選ばせてもらいましたが正解でした
comment	フロントの桜開花情報はありがたかった
comment	ほとんどの写真は撮影した年月日入りで印刷してもらって私の手元にあるんでね
comment	空室があったので、とグレードアップして頂けたお部屋が、とても広くて暖かいイメージの素敵なお部屋でした
comment	低反発枕がすごく良くて、頭をのせた途端に熟睡してました
request	他のアプリやサイトでは見られるので、修正をお願いします
comment	キティちゃんの朝ご飯が可愛かった
complaint	タイムラインの広告が大変鬱陶しい
comment	アメニティが豊富、駅から近い(雨でも横断歩道一つ渡る以外はほぼ濡れないでいける)、スタッフの対応がよい
complaint	帰り際、ホテル周辺には土産店が無く、少し離れた所に土産物をを買いに行ったのですが、駐車場利用時間が少しオーバーしたとのことで駐車料金を請求されました
undetermined	ありませんでした
bug	画像が全く送れないです
comment	サービスはとても気に入っています
comment	チェックインの時にメンバーズのお誘いだかでメールアドレスを書かされ、気づいたら来てた英語だらけのメール
comment	接客が良かった
comment	コンセントも充実していた
complaint	同じクラシックな雰囲気で合わせているのだろうが、ビジネスでPCを使うことを考慮して欲しい
request	各階か、2フロアに2個あると便利かなぁと思いました
complaint	モノレールがなかなか来ない
request	テラスか庭などの解放部分が欲しい
comment	隅々まで行き届いており、節度あるもてなしの姿勢に好感を持ちました
comment	部屋のクリーニングに時間がかかるようです
comment	しかも名前を三ヶ月たったのに変えられない
bug	Wi-Fiを入れたり切ったりすると高確率で接続が不安定になる
comment	スタッフは手慣れた感じの方もそうでない方もとても感じがよく、一生懸命なところにとても好感が持てました
comment	お風呂が広く 身体を洗えるスペースも 広くて 快適でした
comment	今のところ問題無く使えてます
comment	一泊３泊なら京都駅近くがよいが、それ以上ならここのロケーションは実に楽しい
comment	特筆すべきは立地ですね
complaint	景色は良くない部屋でした
comment	There is no problem at all.ええんちゃう、これ
undetermined	まだ早い時間だったと思うのですが
comment	以前は綺麗だったのに
comment	夜景がとにかく綺麗でした
comment	また機能性が素晴らしく、バスルームは洗い場もあるのに西洋式で、まさしくこうあってほしいバスルームでした
comment	友達の間だけでシェアすればいいんじゃないの
undetermined	建物の壁
undetermined	動画なんか来てなかったですよ
comment	ショッピングスポットが近くてとても便利でした
comment	ホテルは烏丸線四条駅の近くに位置し、立地条件は最高でした
comment	もちろん繋がることもありますが…
comment	設備も清潔で快適でした
comment	出張などでまた使いたいと思っています
comment	滅多に使わないのですが、もしもの為に多目に買ってあったのですが・・・
complaint	かと思えば、うんともすんとも言わないのでホームに戻そうとするとオープニング画面が出て正常作動する
complaint	近づくと見えにくくなるから明かりの位置を変えても良いかも
complaint	友達のタイムラインの存在が薄くなってる
complaint	スタッフの笑顔が無い
comment	部屋も広く快適でした
comment	ロケーションが最高に便利だった
comment	朝ごはんは美味しいけど、それだけ
complaint	朝ごはんは美味しいけど、それだけ
comment	部屋自体もですがお風呂が大きくてとても気持ちが良かったです
request	ベッドの脇には今はスマホ用の電源は必ず必要
comment	朝ご飯が最高
comment	部屋も広く清潔
comment	立地もよく、リーズナブルで、清潔感のある空間は快適でした
complaint	改善お願い致します
complaint	シャワーの水圧が弱すぎた
comment	アクセスとキレイさ
comment	娘の大学受験前だったのでホームページをチェックし、合格弁当も注文出来ました
comment	宿泊前にあまり知られていない寺に行きたい旨伝えたところ、下見にまで行って準備をしていてくれた
request	3人で使用しておりましたのでベットサイドがもう少し広ければ更に良かったです
complaint	ルームサービスの番号が明記されてない
complaint	良くない点も幾つか書きましたが、総じて大満足でした
comment	良くない点も幾つか書きましたが、総じて大満足でした
complaint	写真も順次削除していくかもしれません
comment	おすすめします
complaint	朝食は普通のバイキングの方が良い
undetermined	ベルギーと中国
comment	ゆいレールからは少し離れてますが、コンビニも近く立地は問題ないと思います
complaint	あとは、慣れてないからか、やや使いにくいです
complaint	ユーザーのことなどお構い無しに組織ぐるみで広告費稼いでるとしか思えない
complaint	通話中のタスクバーに出ているやつに通話終了ボタンついてるの不便
complaint	午前中からずっと夕方まで狭い廊下の半分をクリーニングのグッズが並んでいて、午後部屋で休もうと思っても出来ませんでした
comment	居心地が良く、清潔で快適
complaint	本当に笑えない
undetermined	たくさんあそべる
bug	1080pで再生できた動画が721pまででしか再生できなくなりました
comment	音質も良いし、通知も遅れることはない
complaint	使ったタオルの置き場所がありません
comment	ラウンジの朝食セット1001円はリーズナブル
complaint	清掃スタッフの方がずっと朝から廊下にカートを置いて作業中であったこと
comment	ロビーを兼ねたカフェunirはいつも外国人客でいっぱいで海外旅行に来ているみたい
complaint	部屋の作りが…つかいずらく、非日常すぎて……
comment	またまたです
bug	開くと随分前のトークに戻ってるのも困ります
complaint	開くと随分前のトークに戻ってるのも困ります
comment	Android用Twitterアプリと同じように、二段階認証設定するとログインする度にセキュリティコード入力が求められるのかと思ってた
request	purchaseの画面も通過を選べるようにして欲しい
comment	駅前の便利な立地に関わらずリーズナブルな価格で泊まることができ、良かったです
undetermined	やめないなら毎回通報し続けます
comment	アメニティーを除き、設備が充実していて良かった
comment	リゾートホテルではありませんが高級なビジネスホテルといったとこでしょうか
complaint	フロントが混んでいた
complaint	バッテリー消費が多いです
comment	対応もとても丁寧でした
request	スタンプと同じようにカテゴリーで分けてくれると嬉しいです
comment	赤坂見附の駅から近く、便利な立地でした
complaint	なぜなら、ブロックは 相手から嫌なことをされるから、 もう嫌なことをされないように ブロックがあるのに、グループで また、関わるってなったら 嫌なことされて当たり前じゃん
complaint	洗面回りがもう少し広いと使いやすい
comment	朝食がおいしかった
complaint	冷蔵庫冷えない
complaint	しかもレストランもない
comment	コインランドリーがあった
complaint	入浴時、脱衣するところがなくて困った
comment	こじんまりした部屋ですが、バスタブあり、鏡には曇りどめがついていて、拡大鏡もあり、とすべてのものが揃っているという感じで感心しました
comment	特になし
comment	部屋は狭かったですが寝るだけなら大丈夫な広さ
comment	全てに対してお勧めでした
comment	また泊まりに行きます
comment	シムフリーのスマホでかけ専用に使っています
bug	タイムラインの「このアカウントのすべての広告を非表示にします」は嘘
complaint	タイムラインの「このアカウントのすべての広告を非表示にします」は嘘
comment	いい思い出が出来、また利用したいですね
comment	部屋が広くて快適です
complaint	アップデート前は、再生する前から見たらどんなのか想像できたのに今ゎ絵が写らなくて使いにくい
bug	以前のXperiaZ3だと、アイコンが消えるまで通話画面を出す→ホーム画面に戻らず他のアプリを直接開くとアイコンが消えてくれたのに 最近はそれすらもアイコンが復活するし、復活までのスピードも2秒とない
complaint	以前のXperiaZ3だと、アイコンが消えるまで通話画面を出す→ホーム画面に戻らず他のアプリを直接開くとアイコンが消えてくれたのに 最近はそれすらもアイコンが復活するし、復活までのスピードも2秒とない
comment	お風呂が広く使い勝手が良かった
request	広告を最初だけにして欲しい
comment	姪のお祝いのために利用させていただきましたが、素晴らしいおもてなしをしてくださいました
comment	部屋が広いBlu-rayプレーヤーがある
comment	アメリカンビレッジ内という立地も良かったです
comment	深夜からの滞在でしたので、ルームサービスで軽食をお願いしました
comment	従業員の対応は素晴らしかった
comment	全てのサービスがさりげなく、宿泊者のリクエストに応えてくれる
comment	当日でありながらシガーバーは予約できない（店に行って気づいた）ところを口利きしといてもらえたのもありがたく思いました
complaint	洗面所の水はけが悪かった
complaint	必要に迫られ、小学生の子どもにもスマホを持たせ、LINEを使用しているが、いかがわしいタイムラインがシェアされて本当に迷惑している
request	もう少し詳細まで機能が使えるとよい
complaint	しかも波があるから気持ち悪くなる
complaint	今回新たに加わった 機能はストレスでしかないです
complaint	誰がプロフィールを更新したかなんてどうでもいい
complaint	良心でやったのでしょうが、只の迷惑行為です
comment	広いお風呂
comment	息子の勉強の為の机、スタンド、空気清浄機等のリクエストに快く応じてくれた
comment	お部屋からの見晴らしが素晴らしかった
undetermined	狭いというクチコミを見て、不安になっていました
complaint	無料だから我慢しろってことですか
comment	沖縄で一番寛げるホテルだと思います
comment	国際通りに近い
comment	おすすめです
complaint	浴室が少し高くなっており、足の悪い私には、出入りに注意が必要だった
complaint	通知オフにしてても 鳴るから、うるさいし迷惑
complaint	しかし今回は二つ注文があります
complaint	外国人が多く、ロビーの床で荷物を開いている人が何人かいて、あまりよろしい光景では無かったですね
bug	非表示にしたあとに更新するとすぐに同じ広告が表示される
complaint	初日のように、連泊中も毎日ペットボトルのサービスがあるとなおよかった
comment	無料朝食の沖縄そばも良かった
complaint	早急に対応してほしい
comment	清潔感があり、騒音もあまり聞こえない
complaint	カンラに比べてスタッフの対応が落ちる
comment	このホテルのポイントは朝食だと思います
complaint	ホテルの入口が判りにくい
comment	自動・手動関係なく、とにかく付けられないのです
complaint	自動・手動関係なく、とにかく付けられないのです
complaint	せっかく用意されたのに残念であると同時にご指摘があったのに、見直さないのは如何かと思います
comment	特にありません
complaint	食事が高額すぎる
comment	ロケーションと快適さ
comment	中国駐在ですが、旧正月休みを利用して家族で滞在しました
comment	部屋はシンプルで清潔感あり気持ちよいです
complaint	あんな興味ない事を何故に機能に加えたの
comment	宿泊したのはダブルルームでしたが、ゆったりくつろげる広さです
comment	内容は文句無しやけど、アイコンってどうやって変えるん
complaint	最悪
complaint	あえて言うなら、バストイレのドアの閉まり方です
comment	リクエストしていなかったのに、アーリーチェックインを対応してくれました
comment	仕事で利用させて頂きました
comment	清潔だ
complaint	この投稿を非表示にする　しか出来ないLINEグループの意味の無いタイムラインどうにかしてください
bug	27日更新後、現在タイムラインの広告が何度も非表示にしても表示されます、不具合が直ってません
comment	これは適正なことではありますが、以前の宿泊の時はプロントの方が配慮して下さいまして土産を購入してくる位の時間は「駐車料金はいいですよ」と嬉しい対応をしてくれました
complaint	アプリだと中途半端なので、結局要所はPCで対応してます
comment	コンビニも近くにあります
comment	朝食のブッフェ
comment	そこが何とかなれば完璧
comment	ロケーション抜群
complaint	セミダブルの部屋でしたが、パソコンで仕事をするには、机が狭かった
comment	部屋をアップグレードしてくれたこと
complaint	少し狭いので、キャリーバックを広げる場所がなく玄関の前のベッド足元置きました
complaint	タイムラインに勝手に出てきたbeauty reclpe by line 何度非表示やブロックしてるのにアホみたいに出てきます
comment	かなり便利です
complaint	到着時間のフロントの混雑、フロントの狭さ
complaint	どんだけ更新さすの
complaint	消しても消しても出てきてイライラします
comment	また宿泊したいです(o^^o)
comment	そして、何より有名な朝食
comment	お風呂もシャワースペースがあり、湯船にゆったりつかれました
complaint	見たくもない変な料理や美容広告を見させられるのは苦痛
comment	しかも、アカウント自体非表示してるのに、何回も同じ広告が出ます
complaint	非常に不快なので
comment	朝食が充実していて、良かった
comment	泊まる人はお気をつけあれ
request	スイッチがそれぞれの電気に付いていたら、良かったかな
comment	ジャンプー、まくらも選べてGood
comment	浴室にバスローブ、体重計、その他アメニティが充実しており、部屋も広く快適だった
comment	販売したら売れると思います
complaint	スクロールすると、見たくもない動画が勝手に始まるが、回数を増やす策略
comment	部屋からの眺めが綺麗
comment	室内も清潔感がありスタッフの態度もよろしいです
comment	お風呂かとても気持ちよかったスタッフが若々しくて元気もよくとても親切
complaint	夜中、部屋がミシミシ鳴っていて怖かった
comment	南国リゾ－トの雰囲気が特化しているホテルです
comment	またいつか、戻って来たいホテルの２つです
comment	特になし
comment	お風呂が広かった😁💗
comment	もちろん、出来たばかりなので、どこもとってもキレイ
comment	朝食も美味しかったですし、もう言うことなし
complaint	疲れてると辛い
comment	テレビ観ながらができる
comment	お部屋の清潔感
comment	女性用の グッズが 備えてあり 嬉しかったです
bug	トークの写真だが、1～３週間前に送った画像が、「保存期間が終了したため、画像を読み込めませんでした」と出た
comment	朝食も和食、洋食共充実していておいしかったです
comment	音質 は いまいちなようですけれども、11分以内は無料というのは助かります
complaint	データ量節約しているのに、無用なタイムラインの動画とか見たくないです
complaint	少し入り口がわかりにくかったです
comment	コンパクトながら使いやすく綺麗なお部屋でした
comment	細かな心づかいが感じられました
complaint	ホテルの入り口がわかりにくかったので、行き過ぎてしまいました
comment	ラインより音質が、良い
bug	YouTubeのアップデートの通知がきて、アップデートすると音は聞こえるのに、画面が真っ暗です
comment	ブラウザで十分では、、、
complaint	ということは、大切な自分のゲストはここに泊まらせたくないな、という結果におわりました
comment	芸能人の人もやっていて、その写真が見れてとてもいいし、自分でやるにもいいです
undetermined	場所
comment	今年家族で訪れ懐かしく、白亜の協会を眺め想いを廻らしました
complaint	長文消えるの困ります
comment	利用者がタダな変わりに広告が表示されるのは、LINEだけではありません
comment	雨が降ってきたため、傘を借りたのですが、ビニール傘ではなく、色つきのものでしたので、忘れないですみました
comment	清潔でオシャレ
comment	コーヒーが無料だった
comment	建物は古さもありましたが清潔感はありました
comment	朝食が充実していてたくさんの沖縄料理があり大満足でした
comment	画質は動画視聴中の右上のメニューから変えられますよ
request	早急に改善お願いします
complaint	早急に改善お願いします
complaint	TL非表示しかなくて、他の広告のように永続的にシャットアウトできない
request	大人ならこれはダメだって判断ができますが、未成年も判断もできる人もいますが、できない人もいるから自己責任って難しいと思うので、載せたら設定で自動に消すとかした方がいいと思います
comment	大人ならこれはダメだって判断ができますが、未成年も判断もできる人もいますが、できない人もいるから自己責任って難しいと思うので、載せたら設定で自動に消すとかした方がいいと思います
comment	施設の設備やアメニティはもちろん、かゆい所に手が届くスタッフの方々
comment	清掃員の方も気持ちよく挨拶して下さいました
complaint	あれさえなければ大満足‼
comment	あれさえなければ大満足‼
complaint	朝起きるのが遅かったので 朝食が あまり充実してなかった
complaint	正直狭かったのでそれだけが残念でした
bug	そして、4月28日にまたfbへのシェアが出来なくなりました
complaint	トイレットペーパーホルダーの設置の仕方(壁にペーパーがついてしまうので取りにくい)
comment	部屋が広い
comment	飲み物(紅茶、コーヒー)は、香りが良く美味しく、とても癒されました
comment	朝食が最高でした
comment	ベットの寝心地が凄く良かった
comment	◯◯回目ですね、と声をかけてくれます
comment	国会議事堂のみならず、首相官邸が眼下に見下ろせるのですから
comment	無料のドリンクサービスもあり満足です
comment	本当に綺麗で素敵なお部屋でした
complaint	部屋は非常に狭く、シングルサイズにセミダブルのベッドを置いて3人宿泊って随分と厚顔無恥
comment	朝食がおいしかった
comment	こっちに原因があるのかすらわからないです
bug	電話を切ると相手はかけてきてないのに アプリを終了するまで着信音が止まらなくなったり 画面が着いてない状態で 電話をしてる最中に通信接続中になって すぐに画面をつけると復活するというのが頻発している
complaint	別館の入り口　たばこのにおい　濃い　臭い
request	早く直して下さい
comment	いつも見させてもらってます
comment	ドリンクサービスがあり、部屋まで持って帰ってゆっくり楽しめます
complaint	あと、タイムラインなんとかして
complaint	ドライヤーを地面に放置ってどんな状況でしょうか
comment	本島に泊まるのであれば、ここ以外に考えられません
bug	無料で色々見てるので文句言えないのはありますが、最近、画面と音声だけ止まってしまい、時間だけ進んでます…
comment	Interiorや調度品も上品でした
comment	レディースルームの宿泊でしたが、至れり尽くせりな感じでくつろげました
comment	ジャグジーで優雅なひと時を過ごせました
comment	食事も美味しかった（特に朝食）
comment	viber out クレジットが期限付きに変更されるのですね
comment	ExpediaXZですが動画が再生は、できるものの画面が真っ暗なままで音声だけ聞こえていましたが本当は、スマホのバージョンを、あげると見れるようになったのでアプリの問題でないのにこのような批判をしてしまいすいませんでした
complaint	花見シーズンなので仕方ないのですが、素泊まりと考えると価格が高いのかなと…まあでも、どこのホテルもそうですけどね
comment	浴槽が大きく、家庭用とほぼ同じ構造で洗い場がある
comment	また利用させて頂きます
comment	浴室のガラスの仕切りが良い
comment	スナップのやり方が少しわからない でも楽しい
complaint	スナップのやり方が少しわからない でも楽しい
comment	私は最上階の10階に宿泊したため、それほど気にはなりませんでした
comment	ゴジラに子どもが大喜びしてたこと
comment	タオルも気持ちいい
bug	・いいねしていないのにいいねリストに追加されている
request	あと、ブロックしてる人はコチャ だけではなく、グループなとでも かかわれなくして欲しい
bug	文字のチャットは返信はなんとかできますが、写真を撮る、送る、消す、出来ません
complaint	宿泊費が高い
comment	今回も素敵なビジネス旅行となりました
bug	再起動してもまったく変わらない
comment	レセプションのスタッフの方も物腰丁寧でリラックスできる空間でした
comment	シャワーは最初水しか出ませんでしたが、扉のすぐ外のコントロールパネルのボタンを押したらお湯も出ました
comment	他企業の投稿は非表示にできるけど、LINE関連は通報ボタンのみ
comment	予想以上でした
comment	飲食店もローソンも近い
bug	まだ使って間もないけど、カメラがずっと起動してて困ります
complaint	まだ使って間もないけど、カメラがずっと起動してて困ります
comment	寝る以外はほとんど部屋にいなかったのですが、大きなソファーに海の見えるバスルームなど、本当はもっとゆっくり滞在できたら良かったのにと思いました
complaint	トラブル時のクレームアップがわかりづらいですが、普通に使う分には十分です
comment	トラブル時のクレームアップがわかりづらいですが、普通に使う分には十分です
complaint	新年なので、料金はそれなりで、お得感はありませんでした
undetermined	複数の習い事友達としています
comment	3歳の娘とプールを楽しむ事ができました
complaint	赤の他人の興味のないタイムラインが1人31件以上入ってくる
complaint	車が入って来てるのになかなか気づいてくれなかったり
comment	部屋の広さ　バスルームの快適さ　朝食のルームサービス　どれをとっても　very good
comment	年３回沖縄に遊びに行きますが今回はじめて泊まってみました
complaint	非常に使いづらいです
complaint	でも、、一つだけ言うなら、ほんまに広告が邪魔
complaint	もう少し安いと良い
comment	部屋をアップグレードしていただけて、広い部屋でゆったりと過ごせました
complaint	ベッドのクッションが、寝て、身体の部分だけ下がったような変な感じだった
complaint	お風呂までが階段しかないこと
complaint	これ、なんなんですか
complaint	帰り際、残念な気持ちになりました
request	広告非表示の反映と、友だちが気に入った他人の投稿を非表示設定できるようにしてほしい
comment	レセプションのスタッフの方の機転に感謝です
comment	新しく綺麗で設備も使いやすく、スタッフの対応は非常に親切
bug	コードがおくられてこない
complaint	クローゼットが無く洋服を掛けたいのに困った
comment	お部屋が清潔で広く快適である
bug	発信はできるけど着信ができない
comment	朝食が美味しかったです
comment	バスルームが使いやすかった
complaint	邪魔すぎる
bug	sh-02fについてたまにアプリを開くと画面が真っ暗で何もアプリ起動できません
comment	今までで、評価97%～100%の出品者で、商品未着は300円のミニカー2つだけです
complaint	今までで、評価97%～100%の出品者で、商品未着は300円のミニカー2つだけです
request	もう少し数を増やして欲しい
undetermined	スタッフの方の配慮、対応
request	温度警告出ちゃうんでうまく制御してくれるといいな
comment	これだけでもかなりポイント高いのですが、お部屋も綺麗で快適
comment	朝ごはんのビュッフェは種類が豊富だったと思います
complaint	せまい
undetermined	シャトルバスがあること
complaint	面白いけどカメラが動きっぱなしになるのか発熱が多い
comment	マシンで抽出するタイプのお茶やホットチョコレートが美味しく、疲れが取れました
complaint	朝食がイマイチでした
undetermined	しつこく更新のお知らせ出てくるから更新したら、これよ
comment	２階にローソンがあるのも便利
complaint	冷蔵庫のドリンクの値段が高い
comment	懐かしい沖縄旅行に行きました
comment	ジムも楽しかった
comment	その上石垣には珍しい深い浴槽
comment	按司の部屋のオーシャンビューに宿泊しました
comment	バスルームも広くて綺麗です
comment	ベットが、寝心地よかったです
comment	チェックアウト後に、夕方まで観光の間、荷物を預かってもらえたので助かった
undetermined	なし
complaint	レセプションのスタッフ数が少ないのでしょうか、歓迎の雰囲気が薄い感じがしたこと、配車サービスや内線対応に時間がかかることがあり気になりました
comment	無料通話した電波も最高ですよ!
complaint	部屋にスマホの充電ケーブルがあれば良かったと思います
request	部屋にスマホの充電ケーブルがあれば良かったと思います
complaint	未成年の方は顔を載せないように厳しくした方がいいと思います
comment	バスルームがシャワーブースと別れていて価格の割には部屋が豪華
comment	立地条件もよく、金額的にも穴場だと思う
comment	清潔だった
complaint	早く直してください
comment	立地と値段に比して部屋が広い
complaint	喫煙ルームを頼んだのに禁煙ルームだったのが残念
comment	パジャマの着心地が最高で欲しいくらいでした
complaint	Appleのスキップできない広告(約16秒)がいくら何でも多すぎる
complaint	楽天モバイルなので仕方なしに使ってますが、不便でしかない
complaint	たいした事ではありませんが、朝食のスタッフの方がバイキングの場所を何度も拭いていて、こぼしたかな…と思って、少しきまりが悪かった
comment	施設も和モダンで良いですが、スタッフの対応が大変素晴らしいです
comment	特にありませんでした
comment	値段相応
comment	シォーワはとても良くて今まで宿泊したホテルで一番良かったです
complaint	ビーチはちょっと歩くけど
request	もうちょっと 窓のから景色が見れたらなぁ～って感じました
comment	眺めも最高で、良い思い出になりました
comment	また行ってみたくなる気持ちにさせる良～いホテルです
comment	種類が豊富なだけでなく沖縄料理にこだわった内容になっていました
comment	以前は住んでいましたが、懐かしくなり妻と二人で旅行に行き初日に利用させていただきました
complaint	利用者のこと舐めてるの
comment	トイレが浴室と別に独立している
complaint	せっかくの南国のリゾートの休暇がバルコニーを使えず部屋の中で過ごす羽目になりました
comment	グレードアップしてくれたところ
comment	ロビーのカフェも高級感があり子連れでバースデーをお祝いするにはぴったりだった
complaint	やや狭いかもしれない
complaint	私だけでなく身の回りの楽天市場会員がみんなそんな感じです
complaint	ポットが壊れてた
complaint	しかも、友人の過去の投稿を見ようと遡ったら、昔の投稿の隙間にも新たに広告が紛れ込んでてゾッとした
comment	ホテルの施設的にはすごく素敵なんだけど、段々と欲が出て来て、スタッフのサービスが気になったりします
complaint	ホテルの施設的にはすごく素敵なんだけど、段々と欲が出て来て、スタッフのサービスが気になったりします
bug	他の動画をタップしたらフリーズしてエラーが出ます
comment	小さな子どもの遊び場、小さな子どもにも喜ばれる朝食バイキング等孫と一緒の旅でも安心して宿泊しました
comment	主にダイビング目的だったので、滞在時間はあまり長くなかったですが、部屋は広くてきれいだし、お風呂が新しく広かったので、ウェットなどを洗ったりできてとても便利でした
undetermined	なし
complaint	シャワーじゃない蛇口があるともっといい
bug	設定の通知機能が使えないです
request	庭園浴場の洗い場に仕切りがあった方が良いと思います
undetermined	景色
comment	xperia xzです
comment	small luxuryの言葉通りの宿泊施設で居心地の良さは抜群でした
complaint	ルームサービスもしてくれるが、事前に朝食を食べる場所を伝えてくれればルームサービスにしたのに（レストランがあるのだと思ってた）
comment	とにかくロケーションが良いこと
comment	新宿歌舞伎町のど真ん中
comment	使いやすい
comment	県庁前をあり国際通りも徒歩２分
comment	言葉を交わすと話題が広がった
bug	さらにインスタでの写真の縮小まで出来なくなりました
complaint	洗面ボウルが小さい
comment	別館の海を見ながらのお風呂は最高でした
bug	全部の動画が音声は聞こえるけど、画面が真っ暗で見られなくなりました
complaint	お風呂がカビ臭い
comment	プールもジムもあり良かったです
comment	アメリカにいたときの愛用アプリ
complaint	レストランが高い
comment	一般的なビジネスホテルと比べて、お部屋が広く感じました
comment	この度は、ヒルトン沖縄北谷リゾートにご宿泊いただきまして、誠にありがとうございます
comment	近くにはアメリカンビレッジなど遊ぶところやお買い物ができるところ、レストランもたくさんあるので何も困ることはありませんでした
bug	名前登録とパスワードの画面が永遠に繰り返されるから使えない
complaint	名前登録とパスワードの画面が永遠に繰り返されるから使えない
complaint	早く直してください
request	早く直してください
comment	（潔癖所の私でもぐっすり寝れました）女性スタッフの対応がとても良かったです
comment	通話品質は他のip電話と比べ良い
complaint	食べ物・飲み物が高い
comment	スタッフの方の対応がよかったです
comment	再生履歴からじゃないと重いし、履歴からでも重い動画がぼちぼち
bug	タップしても読み込みから進みません
comment	海辺に立つ教会に憧れた二人は幸せ満面で、素晴らしい写真を沢山撮影されていました
comment	展望風呂も清潔で気持ちよく利用できました
comment	ドライヤーはパナソニックのナノケア、ミネラルウォーターがペットボトル3本サービス、コンセントの位置など造りも気が利いている
comment	4人で露天風呂付きの部屋に宿泊しました
undetermined	フロントフロアでの飲食やトイレブースのゴミ
complaint	フロントにトイレすらない
comment	部屋は広く清潔
comment	満足でした
comment	オークションなどチェックするのに使ってます
comment	朝食は健康を考えた沖縄の食材が豊富に使われたメニューで美味しく頂きました
comment	朝食もスタッフも最高です
complaint	チェックインの手続き時に少し時間がかかった
comment	朝食ブッフェは美味しかった
comment	道を困ったんですけど、すっこく丁寧に教えてくれました
complaint	LINE MUSICの課金使用を促されるが、詳細な設定が出来ず、何より欲しい音源が用意されていないサービスに課金しようとはとても思えない
complaint	別館の入り口横に禁煙室があり、別館に入った直後にタバコ臭く、少しがっかりします
complaint	正直星付けたくない
complaint	外人の利用も多く、他の客洗っている時の水が跳ねて飛んでくると不愉快です❗️
request	ネット広告の際に詳しく表示してほしい!
comment	スタッフの方の対応が笑顔で早く、気持ちが良い
complaint	入口が少々分かりにくい
complaint	洋服を収納するクロゼットやタンスは全然なかったでした
comment	ロケーションが良い
comment	スタッフの対応も良かった
comment	顔加工ができない どうやってするのか教えてください
request	顔加工ができない どうやってするのか教えてください
comment	お風呂が広くて使いやすかった
bug	アップデートしたら、写真投稿できなくなりましました…
comment	従業員の方々の対応が素晴らしかった
bug	投稿すると文章が改行出来てない
comment	是非また泊まりたいです
complaint	コート掛けのところにロングなものはかけられない
bug	アップデートされたからか、自分がフォローしていた人の並び順がぐちゃぐちゃになって見づらくなりました
complaint	アップデートされたからか、自分がフォローしていた人の並び順がぐちゃぐちゃになって見づらくなりました
request	支払い画面に行ってはじめて本当の送料がわかるので、購入前に正しい送料をどの画面でも知っていたいです
comment	それほど快適です
comment	備品も高級で満足できました
undetermined	鏡のところの電気
comment	でも、本当にそれだけ
undetermined	XPERIA X performanceです4/27位から急になりました
undetermined	全部
comment	すごく良い思い出ができ、友達ともまたぜひ利用したいと話をしていたところです
comment	特にないです
comment	ホテル自体が新しく、いたるところにセンスの良さが感じられ、清潔感溢れ、セキュリティ面でも安心でき、快適だった
comment	朝食はボリュームもあり、とても美味しくいただけました
comment	設備が新しく清潔だったスタッフの対応も概ね良かった
complaint	皆さんも言っていますが、広告のタイムラインが多すぎ
comment	ドアを開けてからの香りに癒された
comment	部屋もきれいで快適に過ごせました
complaint	タイムライン、非表示登録や通報しても全く無視して頻繁に不要な情報を送りつけてくるのには本当に腹が立つ
comment	面白くて好きなアプリなのですが使いにくいのでこの評価です
complaint	面白くて好きなアプリなのですが使いにくいのでこの評価です
bug	通話をしながら他のアプリを開いたり、画面を消したりすると電話が切れてしまうことが多くあります
comment	京都駅から歩ける距離なので便利ですし、スタッフの方々の対応も丁寧でした
complaint	食事の金額が高い
request	あと、窓の結露が凄かったので、結露を取るグッズがあるともっと嬉しいかもしれません
comment	夜は少し暗いので女性はタクシーのほうがいいかも
complaint	室内の温度が調整出来たら良かった
request	室内の温度が調整出来たら良かった
complaint	使いたいのに使えない
comment	部屋及び施設は清潔で高級感があり素晴らしいです
comment	予約済みのプランをキャンセルし、予約し直しました
complaint	洗面ボウルの栓が大きくて、コンタクトレンズが流れそうで困った
comment	1枚でも複数枚でもダメ
comment	終電を逃し、息も絶え絶えにこちらのホテルにたどり着きました
comment	付近にはコンビニ、飲食店も多くある
comment	恋人の誕生日のお祝いで利用したいとリクエストを送ったら、プレゼントをもらえた点が良かった
comment	ホテルのロケーションもよく、観光に行くのに便利だった
comment	日本でのebayの利用はセカイモンが知名度が高いですが、私の欲しいアイテムは取り扱ってくないのでこちらを愛用しています
bug	1080p60fps動画が720pに、2160p30fps(4K)は、1081pになってしまいます
request	また、大体の色でも検索結果を絞れるようにしてほしいです
comment	シャワーの勢いが強く良かったのですが、少しバスルーム外に水漏れしてしまい、急いで拭きました
complaint	シャワーの勢いが強く良かったのですが、少しバスルーム外に水漏れしてしまい、急いで拭きました
undetermined	不具合
comment	オススメです
complaint	値段が高い
comment	港のすぐ側にあり便利です(^^)nお部屋も綺麗で清潔で良かったです
comment	空調設備もベットの寝心地も最高、心地よく過ごすことが出来ました
request	毎年四苦八苦してるのですがその利点があるといいと思います
comment	比較的高くはない値段だったので、仕方が無いのかな
complaint	浴室の水が詰まった
comment	スーペリアルームという部屋に泊まったら最上階でした
comment	コインランドリーがあるのが驚きた
comment	清潔感がありとにかくキレイ
comment	入口もセキュリティがあり、部屋のカードキーをかざして入り、そのカードを入れられる小さなロッカーもあって安心
complaint	レシピとかいらないし、友達がいいねしたからって自分のタイムラインにも出てくるのが非常に鬱陶しいしすごく不愉快
comment	家族3人で4連泊しました
comment	また読谷に来た時はここにしようと思います
request	2階のレストランは、食事時以外はしまっていたが、景色もいいので、仕事ができるスペースとして、開放してくれるとありがたいです
comment	スタッフの方の対応が素晴らしかったです
bug	あとサムネイルの画質が劣化してガタガタになっているのは何故ですか
complaint	あとサムネイルの画質が劣化してガタガタになっているのは何故ですか
comment	女性の私が先に部屋におりましたので、後から来ました男性が入室しても大丈夫かフロントより確認のご連絡がありましたのも、セキュリティや支度の都合上、とても有り難かったです
comment	部屋も広く館内も清潔で大変気持ち良く過ごすことができました
request	客室にある、インスタントのコーヒーが、ドリップ式のだったら、いいなぁって思いました
request	コーヒーメーカーがあるとよかった
complaint	コーヒーメーカーがあるとよかった
comment	愛用してます
complaint	京都駅からはタクシーで701円位かかり、少し遠い印象です
comment	全体的にキレイなホテル、子どもが寝てから3時間飲み放題のバーに
comment	それで値段が一人3万円弱は十分にリーゾナブル
comment	ベルのサービスが良い
comment	荷物もスタッフから預かりの確認もあり大変助かりました
complaint	保存するボタンを違う所にしてほしいです そうしないと保存ができません
request	保存するボタンを違う所にしてほしいです そうしないと保存ができません
comment	スタッフの気遣が細やか
comment	寝具も申し分なく、おかげでぐっすり眠れました
comment	酔っぱらっていたので枕がフィットして、とてもよく熟睡できました
comment	お風呂も使えるので嬉しい
complaint	さむい、外がみえないし、部屋の電気が暗すぎる
comment	最初は戸惑うけど、慣れてくれば、使えそう
comment	使いやすい
comment	ビュッフェスタイルでないと伺い少し不安でしたが、フルーツやヨーグルト、蒸し野菜などが、とても美味しく大満足です
comment	デザインもさりげなく、和を取り入れられていて、センスがいいです
bug	チャンネル登録したのにその人の動画が表示されていない
request	特にタイムラインについて、多機能だが、使用したくない或いは不要と感じる機能のOFF設定を充実して欲しい
complaint	しかし、入り口は殺風景で、フロントまで距離があります
comment	大変良いアプリですが、まだ、利用者が少ないです
complaint	もうすこしリーズナブルなメニューをおいて欲しい
request	もうすこしリーズナブルなメニューをおいて欲しい
comment	室内も特別不満もなく綺麗でした
comment	お風呂に洗い場がある
complaint	何とか改善願います
undetermined	次の日は工事の音
comment	始まって１ヶ月です
complaint	望んでいない人にとっては迷惑行為です
complaint	言語設定ができないため、ドイツのebay に届け出を出してAndroid端末が日本語だと英語になってしまい大変不便
comment	低価格ですが朝食が付いており美味しくいただきました
bug	タイムラインの広告、消す時『このアカウントのすべての広告を非表示』をいつも選択してるのに全然反映されない
complaint	何故か重いです
request	できれば宿泊者限定で入れる時間があれば良いなと思いました
comment	私が泊まった部屋（セミダブル）は防音が効いていたためとても快適でした
complaint	コーヒーはマシンだと簡単だけど美味しくないので ２杯ずつのドリップの方が良いのでは
comment	オススメです
comment	無料通話だったら他のアプリでもいいし 他に移ろうかな…
complaint	冷蔵庫が非力だった
complaint	洗い場にもう少し幅があるといい
comment	スタッフの対応がすばらしい
complaint	そうじゃないとコチャのブロックの 意味がない
comment	改善点も書きましたが、良さに比べれば些細な事です
comment	そばには有名なブルーシールアイスクリーム店舗
comment	せっかく楽天モバイルの051simにしたのに
comment	アメニティも充実していました
complaint	駐車場の高さ制限があり、使えなかった点
comment	宿泊費を抑えたい方にぴったりだと思います
bug	顔認識されないよぉぉぉぉ(T^T) 使いたいのに最悪だ 最悪なアプリと言ってもいいよ android使えないの
complaint	顔認識されないよぉぉぉぉ(T^T) 使いたいのに最悪だ 最悪なアプリと言ってもいいよ android使えないの
comment	那覇市内のシテイホテルとしてはこじんまりとまとまっているがセンスの良いホテルだ
undetermined	プライス
request	とても便利ですが…こちらが 友達登録してないのにホームの一言や音楽を観られるのを改善できないでしょうか
comment	YouTube側に何を言っても意味がありません 違法アップロードも投稿者が悪いです
comment	清潔
request	もし可能ならばご検討お願いします
complaint	窓から、パチンコ屋が見えた
comment	他の部屋に宿泊した家族もトイレとお風呂が別々で喜んでおりました
request	改善出来るならして欲しいです
comment	無料飲料サーバー
complaint	顔の認識が甘いのと、特殊効果を選べなくなることが多い
comment	サービスも良くゆったりできました
bug	F-05G スクロールバーとアプリのボタン表示がかぶって機能が使えません
complaint	対応お願いします
comment	珈琲が無料で嬉しかった
complaint	けど、こーゆー意見無視されるだろうから、タイムライン見ないようにするしかないんだろーね
comment	LINEさんは、今やニューヨーク株式市場に株を上場している立派な会社であるとともに、SNSを代表する会社になってるんです
complaint	入り口が分かりにくい
comment	これからの旅の在り方を提案してくれているように感じた
complaint	部屋は思ったよりずっと狭かったです
complaint	シャワールームが狭すぎ
complaint	部屋も露天風呂付きで良かったのですが、露天風呂がカーテンを閉めないと外から丸見えでした
comment	新しくて綺麗トイレとバスが別々で良かった
comment	朝食が美味しかった
comment	清浄機があったので、対応できましたが
comment	またこちらのホテルを利用したいです
comment	とっても良くなってますね
comment	夕食は美味しくてリーゾナブルスタッフも明るくてフレンドリー
comment	また行きたいですね
comment	友達がいない僕でも、日々の写真や動画をとってまとめてダウンロードできます
comment	家族連れにお奨めします
complaint	それと広告邪魔やし後、他人がいいねと言っています
comment	食事がおいしかった
complaint	ランドリーの翌朝仕上げの締め切り時間が早すぎ❗
comment	お部屋はとても綺麗で、畳の部分で寛ぐこともできゆったりとした時間を過ごせました
comment	新しくキレイなホテルでした
complaint	床のしみが 少し気になりました
comment	2階がセブンイレブンで便利、本能寺のすぐ近くでいくつかの人気ベーカリーや錦市場も徒歩圏内と観光に便利
comment	部屋が快適だった
request	ホテル名を分かるようにして欲しい
complaint	iPhoneの充電器が部屋にあったのだが、残念ながら充電が遅すぎて朝までに満タンにならなかった点
comment	書き込みの通り朝食がとても美味しかったです
bug	改行したのにくっついて投稿されたりします
comment	インテリアデザインがとても良いので落ち着いた時間を過ごせた
comment	牧志駅から徒歩6分圏内のホテルです
comment	便利です
complaint	もしそちらに異常があるならば改善お願いします
request	もしそちらに異常があるならば改善お願いします
complaint	3人で宿泊と予約したのにアメニティが3人分だった
complaint	普通のホテルより部屋が寒い
bug	写真を投稿出来ませんでしたとなります
comment	最近はいろいろニュースが聞いているので
complaint	ウォシュレットが無かったのが残念
comment	それ以外は問題なし
complaint	このホテルで素泊まり2泊2名67001円は高すぎる
comment	特に問題はありません
comment	チェックインの時近くの沖縄料理のお店をスタッフに尋ねた時とても親切に教えて頂きました
complaint	となりのビルが、改装中で、景観が、残念
comment	何よりもまず清潔感
comment	お部屋をランクアップしていただいていて、行動範囲のアクセスも便利で、終始気分よく滞在できました
complaint	viber out クレジット　期限付きになるのは終わってる
